name,x_px,y_px,map_x,map_y,grid,region,sector,category,canon,hyperroutes,wookieepedia
"Xa Fel","945.6","832.9","-92.698","33.046","K-9","Core Worlds","Sin sector registrado","planet","canon","","https://starwars.fandom.com/wiki/Xa_Fel"
"Chazwa","1211.9","766.5","199.857","106.001","M-8","Inner Rim","Orus","planet","legends","Perlemian Trade Route","https://starwars.fandom.com/wiki/Chazwa"
"Azure","1438.4","705.8","448.837","172.768","P-8","Mid Rim","Truum","planet","legends","","https://starwars.fandom.com/wiki/Azure"
"Lwhekk","288.1","1440.6","-815.269","-634.739","C-16","Unknown Regions","Sin sector registrado","planet","legends","","https://starwars.fandom.com/wiki/Lwhekk"
"Xoman","1668.7","805.2","701.869","63.523","S-9","Mid Rim","Halla","planet","legends","","https://starwars.fandom.com/wiki/Xoman"
"Prakith","989.4","943.8","-44.579","-88.82","K-10","Deep Core","Sin sector registrado","planet","canon","Byss Run","https://starwars.fandom.com/wiki/Prakith"
"Keeara Major","1023.3","916.1","-7.337","-58.352","K-10","Deep Core","Sin sector registrado","planet","legends","Byss Run","https://starwars.fandom.com/wiki/Keeara_Major"
"Symbia","1020.7","910.2","-10.185","-51.878","K-10","Deep Core","Sin sector registrado","planet","legends","","https://starwars.fandom.com/wiki/Symbia"
"Kuar","1028.3","904.2","-1.898","-45.231","K-10","Deep Core","Sin sector registrado","planet","legends","","https://starwars.fandom.com/wiki/Kuar"
"Odik","960.1","962.9","-76.85","-109.79","K-11","Deep Core","Sin sector registrado","planet","legends","","https://starwars.fandom.com/wiki/Odik"
"Byss","986.3","1028.7","-48.074","-182.068","K-11","Deep Core","Sin sector registrado","planet","canon","Byss Run","https://starwars.fandom.com/wiki/Byss"
"Kalist","1017.6","1047.1","-13.642","-202.323","K-12","Deep Core","Sin sector registrado","planet","canon","","https://starwars.fandom.com/wiki/Kalist_VI"
"Zamael","1017.8","1057.1","-13.411","-213.257","K-12","Deep Core","Sin sector registrado","planet","legends","","https://starwars.fandom.com/wiki/Zamael"
"Lialic","1014.9","1069.4","-16.634","-226.839","K-12","Deep Core","Sin sector registrado","planet","legends","","https://starwars.fandom.com/wiki/Lialic"
"Constancia","1017.2","1083.4","-14.059","-242.179","K-12","Deep Core","Sin sector registrado","planet","legends","","https://starwars.fandom.com/wiki/Constancia"
"Dulvoyinn","1026.9","1087.7","-3.441","-246.927","K-12","Deep Core","Sin sector registrado","planet","legends","","https://starwars.fandom.com/wiki/Dulvoyinn"
"Tython","1031.2","934.2","1.279","-78.258","L-10","Deep Core","Sin sector registrado","planet","canon","","https://starwars.fandom.com/wiki/Tython"
"Had Abbadon","1097.7","934.7","74.369","-78.834","L-10","Deep Core","Sin sector registrado","planet","legends","","https://starwars.fandom.com/wiki/Had_Abbadon"
"Cambria","1114.7","916.2","93.111","-58.448","L-10","Deep Core","Sin sector registrado","planet","legends","","https://starwars.fandom.com/wiki/Cambria"
"Vulpter","1083.1","907.6","58.406","-49.045","L-10","Deep Core","Sin sector registrado","planet","canon","","https://starwars.fandom.com/wiki/Vulpter"
"Besero","1075.1","897.7","49.601","-38.168","L-10","Deep Core","Sin sector registrado","planet","legends","","https://starwars.fandom.com/wiki/Besero"
"Primus Goluud","1063.2","895.8","36.48","-36.096","L-10","Deep Core","Sin sector registrado","planet","legends","","https://starwars.fandom.com/wiki/Primus_Goluud"
"Empress Teta","1031.8","910.4","1.987","-52.137","L-10","Deep Core","Sin sector registrado","planet","canon","Byss Run","https://starwars.fandom.com/wiki/Empress_Teta"
"Iope","1888.2","1068.6","943.08","-225.899","U-12","Outer Rim","Baxel","planet","legends","","https://starwars.fandom.com/wiki/Iope"
"Starswarm Cluster","1038.9","899.4","9.756","-39.965","L-10","Deep Core","Sin sector registrado","misc","legends","","https://starwars.fandom.com/wiki/Starswarm_Cluster"
"Jerrilek","1031.8","884.9","1.946","-24.051","L-10","Deep Core","Sin sector registrado","planet","legends","Byss Run","https://starwars.fandom.com/wiki/Jerrilek"
"Tsoss Beacon","1040.4","958.8","11.408","-105.307","L-11","Deep Core","Sin sector registrado","planet","legends","","https://starwars.fandom.com/wiki/Tsoss_Beacon"
"Eclipse","1120.3","1024","99.245","-176.94","L-11","Deep Core","Sin sector registrado","planet","legends","","https://starwars.fandom.com/wiki/Eclipse"
"Crystan","1042.2","1087.7","13.406","-246.885","L-12","Deep Core","Sin sector registrado","planet","legends","","https://starwars.fandom.com/wiki/Crystan"
"Khomm","1041.4","1095.2","12.507","-255.138","L-12","Deep Core","Sin sector registrado","planet","legends","","https://starwars.fandom.com/wiki/Khomm"
"Dremulae","1122.6","929.9","101.765","-73.526","M-10","Deep Core","Sin sector registrado","planet","legends","","https://starwars.fandom.com/wiki/Dremulae"
"Ojom","1128.1","1011.6","107.856","-163.279","M-11","Deep Core","Sin sector registrado","planet","canon","","https://starwars.fandom.com/wiki/Ojom"
"Ottabesk","1132.7","1007.9","112.906","-159.264","M-11","Deep Core","Sin sector registrado","planet","legends","","https://starwars.fandom.com/wiki/Ottabesk"
"Hakassi","1133.1","1002.1","113.302","-152.812","M-11","Deep Core","Sin sector registrado","planet","legends","","https://starwars.fandom.com/wiki/Hakassi"
"Ebaq","1126.6","993.3","106.137","-143.229","M-11","Deep Core","Sin sector registrado","planet","legends","","https://starwars.fandom.com/wiki/Ebaq"
"Thoadeye","1138.2","965.2","118.939","-112.328","M-11","Deep Core","Sin sector registrado","planet","legends","","https://starwars.fandom.com/wiki/Thoadeye"
"Galactic Center","1030","992.3","0","-142.091","K-11","Deep Core","Sin sector registrado","planet","legends","","https://starwars.fandom.com/wiki/Galactic_Center"
"Kokash","929.6","922.6","-110.308","-65.502","J-10","Core Worlds","Sin sector registrado","planet","legends","","https://starwars.fandom.com/wiki/Kokash"
"Pollillus","937.8","921.1","-101.33","-63.89","J-10","Core Worlds","Sin sector registrado","planet","canon","","https://starwars.fandom.com/wiki/Pollillus"
"Osssorck Nebulae","937.6","1105.9","-101.59","-266.91","J-12","Core Worlds","Sin sector registrado","misc","legends","","https://starwars.fandom.com/wiki/Osssorck_Nebulae"
"Questal","922.9","1112.2","-117.741","-273.815","J-12","Core Worlds","Sin sector registrado","planet","canon","","https://starwars.fandom.com/wiki/Questal"
"Kitel Phard","909.3","1124","-132.66","-286.761","J-12","Core Worlds","Sin sector registrado","planet","legends","Guu Run","https://starwars.fandom.com/wiki/Kitel_Phard"
"Inysh","922.1","1132.1","-118.605","-295.761","J-12","Core Worlds","Sin sector registrado","planet","legends","","https://starwars.fandom.com/wiki/Inysh"
"Dahrtag","933.9","1149.5","-105.612","-314.795","J-13","Core Worlds","Sin sector registrado","planet","legends","Guu Run","https://starwars.fandom.com/wiki/Dahrtag"
"Metellos","1017.7","861.9","-13.508","1.228","K-9","Core Worlds","Sin sector registrado","planet","legends","","https://starwars.fandom.com/wiki/Metellos"
"Ragoon","955.6","848.3","-81.735","16.126","K-9","Core Worlds","Sin sector registrado","planet","legends","","https://starwars.fandom.com/wiki/Ragoon"
"Merakai","973.8","816.3","-61.722","51.288","K-9","Core Worlds","Sin sector registrado","planet","legends","","https://starwars.fandom.com/wiki/Merakai"
"Denevar","985.8","814.9","-48.611","52.89","K-9","Core Worlds","Sin sector registrado","planet","legends","","https://starwars.fandom.com/wiki/Denevar"
"Pantolomin","996.1","822.6","-37.227","44.441","K-9","Core Worlds","Sin sector registrado","planet","legends","Namadii Corridor","https://starwars.fandom.com/wiki/Pantolomin"
"Dachat","976.1","828.5","-59.211","37.88","K-9","Core Worlds","Sin sector registrado","planet","legends","","https://starwars.fandom.com/wiki/Dachat"
"Voon","996.2","829.5","-37.112","36.844","K-9","Core Worlds","Sin sector registrado","planet","legends","","https://starwars.fandom.com/wiki/Voon"
"Hyabb","987.4","834.6","-46.78","31.204","K-9","Core Worlds","Sin sector registrado","planet","legends","","https://starwars.fandom.com/wiki/Hyabb"
"Farrfin","1007.1","815.7","-25.163","52.031","K-9","Core Worlds","Sin sector registrado","planet","legends","","https://starwars.fandom.com/wiki/Farrfin"
"Twith","1004.1","824.2","-28.501","42.593","K-9","Core Worlds","Sin sector registrado","planet","legends","Namadii Corridor","https://starwars.fandom.com/wiki/Twith"
"Scipio","971.3","424.4","-64.533","481.957","K-5","Outer Rim","Albarrio","planet","canon","","https://starwars.fandom.com/wiki/Scipio"
"Galvoni","1016.3","836.1","-15.034","29.587","K-9","Core Worlds","Sin sector registrado","planet","legends","Namadii Corridor","https://starwars.fandom.com/wiki/Galvoni"
"Weerden","1017.5","846.6","-13.768","18.076","K-9","Core Worlds","Sin sector registrado","planet","legends","Namadii Corridor","https://starwars.fandom.com/wiki/Weerden"
"Tanjay","1023.5","852.3","-7.092","11.746","K-9","Core Worlds","Sin sector registrado","planet","legends","Namadii Corridor","https://starwars.fandom.com/wiki/Tanjay"
"Mamendin","1021.6","809.6","-9.279","58.707","K-9","Core Worlds","Sin sector registrado","planet","legends","","https://starwars.fandom.com/wiki/Mamendin"
"Tamban","943.3","904.4","-95.23","-45.474","K-10","Core Worlds","Sin sector registrado","planet","legends","","https://starwars.fandom.com/wiki/Tamban"
"Aradia","947.8","894.9","-90.281","-35","K-10","Core Worlds","Sin sector registrado","planet","legends","","https://starwars.fandom.com/wiki/Aradia"
"Cal-Seti","962.7","894.1","-73.936","-34.194","K-10","Core Worlds","Sin sector registrado","planet","legends","","https://starwars.fandom.com/wiki/Cal-Seti"
"N'Zoth","942.9","915.6","-95.69","-57.768","K-10","Core Worlds","Sin sector registrado","planet","legends","","https://starwars.fandom.com/wiki/N'Zoth"
"Fresia","977.1","889.8","-58.167","-29.475","K-10","Core Worlds","Sin sector registrado","planet","legends","","https://starwars.fandom.com/wiki/Fresia"
"Galand","981.3","884.6","-53.563","-23.72","K-10","Core Worlds","Sin sector registrado","planet","legends","","https://starwars.fandom.com/wiki/Galand"
"Alland","988.2","876.1","-45.966","-14.397","K-10","Core Worlds","Sin sector registrado","planet","legends","","https://starwars.fandom.com/wiki/Alland"
"Worru'du","994.9","879.2","-38.6","-17.85","K-10","Core Worlds","Sin sector registrado","planet","legends","","https://starwars.fandom.com/wiki/Worru'du"
"Salliche","1006.6","879.9","-25.709","-18.54","K-10","Core Worlds","Sin sector registrado","planet","legends","","https://starwars.fandom.com/wiki/Salliche"
"Norkronia","999.6","869.2","-33.42","-6.829","K-10","Core Worlds","Sin sector registrado","planet","legends","","https://starwars.fandom.com/wiki/Norkronia"
"Stassia","1017.9","873.4","-13.278","-11.433","K-10","Core Worlds","Sin sector registrado","planet","legends","","https://starwars.fandom.com/wiki/Stassia"
"Foerost","1030","869.7","-0.041","-7.404","K-10","Core Worlds","Sin sector registrado","planet","canon","Byss Run","https://starwars.fandom.com/wiki/Foerost"
"Ruan","1030","875.6","-0.041","-13.85","K-10","Core Worlds","Sin sector registrado","planet","legends","Byss Run","https://starwars.fandom.com/wiki/Ruan"
"Galantos","943.9","913.8","-94.577","-55.855","K-10","Core Worlds","Sin sector registrado","planet","legends","","https://starwars.fandom.com/wiki/Galantos"
"J't'p'tan","942.1","914.5","-96.605","-56.56","K-10","Core Worlds","Sin sector registrado","planet","legends","","https://starwars.fandom.com/wiki/J't'p'tan"
"Botor","1026.5","1109.1","-3.862","-270.404","K-12","Core Worlds","Sin sector registrado","planet","canon","","https://starwars.fandom.com/wiki/Botor"
"Thracior","1019.1","1114.1","-11.976","-275.982","K-12","Core Worlds","Sin sector registrado","planet","legends","","https://starwars.fandom.com/wiki/Thracior"
"Thebeon","1001.4","1135.3","-31.435","-299.213","K-12","Core Worlds","Sin sector registrado","planet","legends","","https://starwars.fandom.com/wiki/Thebeon"
"Gerrard","1026.9","1131.7","-3.447","-295.268","K-12","Core Worlds","Sin sector registrado","planet","legends","","https://starwars.fandom.com/wiki/Gerrard"
"Daupherm","1013.2","1106","-18.489","-267.033","K-12","Core Worlds","Sin sector registrado","planet","legends","","https://starwars.fandom.com/wiki/Daupherm"
"Loedorvia","950.3","1084","-87.534","-242.868","K-12","Core Worlds","Sin sector registrado","planet","legends","","https://starwars.fandom.com/wiki/Loedorvia"
"Cortina","975.3","1115.1","-60.163","-277.02","K-12","Core Worlds","Sin sector registrado","planet","legends","","https://starwars.fandom.com/wiki/Cortina"
"Abregado-rae","1026","1151.2","-4.434","-316.721","K-13","Core Worlds","Sin sector registrado","planet","canon","Rimma Trade Route | Shipwrights' Trace","https://starwars.fandom.com/wiki/Abregado-rae"
"Dentaal","1026.1","1159.5","-4.31","-325.845","K-13","Core Worlds","Sin sector registrado","planet","legends","Rimma Trade Route","https://starwars.fandom.com/wiki/Dentaal"
"Belgaroth","1019.1","1167.3","-11.955","-334.352","K-13","Core Worlds","Sin sector registrado","planet","legends","","https://starwars.fandom.com/wiki/Belgaroth"
"Steelious","1013.1","1158.1","-18.612","-324.242","K-13","Core Worlds","Sin sector registrado","planet","legends","","https://starwars.fandom.com/wiki/Steelious"
"Cuvacia","945.2","1139.9","-93.206","-304.268","K-13","Core Worlds","Sin sector registrado","planet","legends","","https://starwars.fandom.com/wiki/Cuvacia"
"Illodia","963.6","1164.1","-73.016","-330.885","K-13","Core Worlds","Sin sector registrado","planet","legends","Guu Run","https://starwars.fandom.com/wiki/Illodia"
"Kidiet Olgo","1034.9","807.1","5.338","61.419","L-9","Core Worlds","Sin sector registrado","planet","legends","","https://starwars.fandom.com/wiki/Kidiet_Olgo"
"Challon","1055.8","816","28.395","51.687","L-9","Core Worlds","Sin sector registrado","planet","legends","","https://starwars.fandom.com/wiki/Challon"
"Shawken","1056.1","822.1","28.654","44.953","L-9","Core Worlds","Sin sector registrado","planet","legends","","https://starwars.fandom.com/wiki/Shawken"
"Velusia","1036.4","830.3","6.986","35.889","L-9","Core Worlds","Sin sector registrado","planet","canon","","https://starwars.fandom.com/wiki/Velusia"
"Thorgeld","1041.1","836.3","12.235","29.369","L-9","Core Worlds","Sin sector registrado","planet","legends","","https://starwars.fandom.com/wiki/Thorgeld"
"Thokos","1035.5","847.4","6.02","17.132","L-9","Core Worlds","Sin sector registrado","planet","legends","","https://starwars.fandom.com/wiki/Thokos"
"Ralltiir","1097.7","823.1","74.426","43.836","L-9","Core Worlds","Sin sector registrado","planet","canon","Perlemian Trade Route","https://starwars.fandom.com/wiki/Ralltiir"
"Rhinnal","1093.1","825.6","69.362","41.073","L-9","Core Worlds","Sin sector registrado","planet","legends","Perlemian Trade Route","https://starwars.fandom.com/wiki/Rhinnal"
"Esseles","1089.1","828.1","64.988","38.311","L-9","Core Worlds","Sin sector registrado","planet","legends","Perlemian Trade Route","https://starwars.fandom.com/wiki/Esseles"
"Brentaal","1085.1","830.3","60.499","35.894","L-9","Core Worlds","Sin sector registrado","planet","canon","Commenor Run | Hydian Way | Perlemian Trade Route","https://starwars.fandom.com/wiki/Brentaal"
"Chandrila","1080.3","833.4","55.319","32.556","L-9","Core Worlds","Sin sector registrado","planet","canon","Perlemian Trade Route","https://starwars.fandom.com/wiki/Chandrila"
"Corulag","1075.2","836.1","49.679","29.563","L-9","Core Worlds","Sin sector registrado","planet","canon","Perlemian Trade Route","https://starwars.fandom.com/wiki/Corulag"
"Anaxes","1067.4","840.3","41.047","24.959","L-9","Core Worlds","Sin sector registrado","planet","canon","Perlemian Trade Route","https://starwars.fandom.com/wiki/Anaxes"
"Grizmallt","1055.8","846.9","28.386","17.708","L-9","Core Worlds","Sin sector registrado","planet","canon","Perlemian Trade Route","https://starwars.fandom.com/wiki/Grizmallt"
"Alsakan","1045.7","853.1","17.221","10.917","L-9","Core Worlds","Sin sector registrado","planet","canon","Perlemian Trade Route","https://starwars.fandom.com/wiki/Alsakan"
"Tepasi","1111.4","846.6","89.481","18.076","L-9","Core Worlds","Sin sector registrado","planet","canon","Commenor Run","https://starwars.fandom.com/wiki/Tepasi"
"Skako","1099.3","853.6","76.187","10.307","L-9","Core Worlds","Sin sector registrado","planet","canon","Hydian Way","https://starwars.fandom.com/wiki/Skako"
"Basilisk","1085.4","856.8","60.924","6.866","L-9","Core Worlds","Sin sector registrado","planet","legends","","https://starwars.fandom.com/wiki/Basilisk"
"Spira","1037.9","878.3","8.67","-16.777","L-10","Core Worlds","Sin sector registrado","planet","legends","","https://starwars.fandom.com/wiki/Spira"
"Yulant","1061.3","877.8","34.421","-16.249","L-10","Core Worlds","Sin sector registrado","planet","legends","","https://starwars.fandom.com/wiki/Yulant"
"Aargau","1066.6","881.1","40.205","-19.875","L-10","Core Worlds","Sin sector registrado","planet","canon","","https://starwars.fandom.com/wiki/Aargau"
"Broest","1089.4","885.2","65.326","-24.45","L-10","Core Worlds","Sin sector registrado","planet","canon","","https://starwars.fandom.com/wiki/Broest"
"Ixtlar","1063.8","866.7","37.098","-4.098","L-10","Core Worlds","Sin sector registrado","planet","legends","Corellian Run","https://starwars.fandom.com/wiki/Ixtlar"
"Vultar","1089","867.8","64.809","-5.306","L-10","Core Worlds","Sin sector registrado","planet","legends","","https://starwars.fandom.com/wiki/Vultar"
"Wukkar","1081.6","874.3","56.694","-12.471","L-10","Core Worlds","Sin sector registrado","planet","legends","Corellian Run","https://starwars.fandom.com/wiki/Wukkar"
"Kailor V","1092.9","881.3","69.125","-20.068","L-10","Core Worlds","Sin sector registrado","planet","legends","Corellian Run","https://starwars.fandom.com/wiki/Kailor_V"
"Palawa","1114.2","876.8","92.548","-15.205","L-10","Core Worlds","Sin sector registrado","planet","legends","","https://starwars.fandom.com/wiki/Palawa"
"Xorth","1105.1","888.8","82.506","-28.363","L-10","Core Worlds","Sin sector registrado","planet","legends","Corellian Run","https://starwars.fandom.com/wiki/Xorth"
"Gama","1106.2","1087.2","83.707","-246.323","L-12","Core Worlds","Sin sector registrado","planet","legends","","https://starwars.fandom.com/wiki/Gama"
"Balosar","1091.5","1092.1","67.596","-251.748","L-12","Core Worlds","Sin sector registrado","planet","canon","","https://starwars.fandom.com/wiki/Balosar"
"Lansono","1118.4","1115.9","97.176","-277.948","L-12","Core Worlds","Sin sector registrado","planet","legends","","https://starwars.fandom.com/wiki/Lansono"
"Lujo","1074.9","1103.4","49.337","-264.139","L-12","Core Worlds","Sin sector registrado","planet","legends","","https://starwars.fandom.com/wiki/Lujo"
"Shulxi","1086.2","1109.1","61.79","-270.427","L-12","Core Worlds","Sin sector registrado","planet","legends","","https://starwars.fandom.com/wiki/Shulxi"
"Azbrian","1086.1","1122","61.667","-284.606","L-12","Core Worlds","Sin sector registrado","planet","legends","","https://starwars.fandom.com/wiki/Azbrian"
"Thomork","1047.5","1105.6","19.194","-266.62","L-12","Core Worlds","Sin sector registrado","planet","legends","","https://starwars.fandom.com/wiki/Thomork"
"Frego","1056.7","1141.9","29.363","-306.429","L-13","Core Worlds","Sin sector registrado","planet","legends","","https://starwars.fandom.com/wiki/Frego"
"Iphigin","1070.9","1161.4","44.899","-327.883","L-13","Core Worlds","Sin sector registrado","planet","legends","","https://starwars.fandom.com/wiki/Iphigin"
"Andara","1118.9","1150.4","97.669","-315.8","L-13","Core Worlds","Sin sector registrado","planet","legends","","https://starwars.fandom.com/wiki/Andara"
"Eamus","1034.8","1139.9","5.307","-304.268","L-13","Core Worlds","Sin sector registrado","planet","legends","","https://starwars.fandom.com/wiki/Eamus"
"Plexis","1038","1146.2","8.759","-311.173","L-13","Core Worlds","Sin sector registrado","planet","canon","","https://starwars.fandom.com/wiki/Plexis"
"Diamal","1039.2","1174.7","10.115","-342.49","L-13","Core Worlds","Sin sector registrado","planet","legends","","https://starwars.fandom.com/wiki/Diamal"
"Corann","1122.2","831","101.371","35.211","M-9","Core Worlds","Sin sector registrado","planet","legends","","https://starwars.fandom.com/wiki/Corann"
"Korfo","1127.1","855.5","106.703","8.252","M-9","Core Worlds","Sin sector registrado","planet","legends","Commenor Run","https://starwars.fandom.com/wiki/Korfo"
"Caamas","1133.5","856.6","113.696","7.086","M-9","Core Worlds","Sin sector registrado","planet","legends","Commenor Run","https://starwars.fandom.com/wiki/Caamas"
"Aldraig","1125.4","881.1","104.807","-19.867","M-10","Core Worlds","Sin sector registrado","planet","legends","Hydian Way","https://starwars.fandom.com/wiki/Aldraig"
"Alderaan","1147.8","868.4","129.496","-5.968","M-10","Core Worlds","Sin sector registrado","planet","canon","Commenor Run","https://starwars.fandom.com/wiki/Alderaan"
"Vuma","1132.5","916.9","112.651","-59.194","M-10","Core Worlds","Sin sector registrado","planet","legends","Corellian Run","https://starwars.fandom.com/wiki/Vuma"
"Ator","1127.8","930.1","107.472","-73.697","M-10","Core Worlds","Sin sector registrado","planet","canon","","https://starwars.fandom.com/wiki/Ator"
"Leria Kerlsil","1144","938.7","125.312","-83.136","M-10","Core Worlds","Sin sector registrado","planet","legends","Corellian Run","https://starwars.fandom.com/wiki/Leria_Kerlsil"
"Tyed Kant","1162.4","884.5","145.455","-23.628","M-10","Core Worlds","Sin sector registrado","planet","legends","Commenor Run","https://starwars.fandom.com/wiki/Tyed_Kant"
"Demophon","1138.6","893.2","119.327","-33.181","M-10","Core Worlds","Sin sector registrado","planet","legends","Hydian Way","https://starwars.fandom.com/wiki/Demophon"
"Glithnos","1145.1","900.8","126.463","-41.584","M-10","Core Worlds","Sin sector registrado","planet","legends","Hydian Way","https://starwars.fandom.com/wiki/Glithnos"
"Fedalle","1157.2","912.6","139.815","-54.475","M-10","Core Worlds","Sin sector registrado","planet","legends","Fedalle Run | Hydian Way","https://starwars.fandom.com/wiki/Fedalle"
"Raxxa","1181.8","913.5","166.864","-55.511","M-10","Core Worlds","Sin sector registrado","planet","legends","Fedalle Run","https://starwars.fandom.com/wiki/Raxxa"
"Kuat","1200","917.6","186.813","-59.958","M-10","Core Worlds","Sin sector registrado","planet","canon","Fedalle Run","https://starwars.fandom.com/wiki/Kuat"
"Talravin","1168.4","930.8","152.034","-74.474","M-10","Core Worlds","Sin sector registrado","planet","legends","Hydian Way","https://starwars.fandom.com/wiki/Talravin"
"Pria","1187.7","939.2","173.27","-83.711","M-10","Core Worlds","Sin sector registrado","planet","legends","","https://starwars.fandom.com/wiki/Pria"
"Ruul","1160.7","951.3","143.574","-97.005","M-10","Core Worlds","Sin sector registrado","planet","legends","","https://starwars.fandom.com/wiki/Ruul_(planet)"
"Sarapin","1175.7","945.3","160.062","-90.445","M-10","Core Worlds","Sin sector registrado","planet","legends","Hydian Way","https://starwars.fandom.com/wiki/Sarapin"
"Humbarine","1201.3","953.9","188.233","-99.94","M-10","Core Worlds","Sin sector registrado","planet","legends","Trellent Trade Route","https://starwars.fandom.com/wiki/Humbarine"
"Trellen","1179.5","954.4","164.292","-100.458","M-11","Core Worlds","Sin sector registrado","planet","legends","Hydian Way | Trellent Trade Route","https://starwars.fandom.com/wiki/Trellen"
"Mawan","1183.6","964.2","168.781","-111.163","M-11","Core Worlds","Sin sector registrado","planet","legends","Hydian Way","https://starwars.fandom.com/wiki/Mawan"
"Seyugi","1200.5","972.7","187.312","-120.544","M-11","Core Worlds","Sin sector registrado","planet","legends","","https://starwars.fandom.com/wiki/Seyugi"
"Recopia","1169","975.6","152.782","-123.766","M-11","Core Worlds","Sin sector registrado","planet","legends","","https://starwars.fandom.com/wiki/Recopia"
"Loretto","1190.9","983.7","176.838","-132.629","M-11","Core Worlds","Sin sector registrado","planet","legends","Hydian Way","https://starwars.fandom.com/wiki/Loretto"
"Rendili","1179","991.1","163.716","-140.801","M-11","Core Worlds","Sin sector registrado","planet","legends","","https://starwars.fandom.com/wiki/Rendili"
"Perma","1152.6","960.1","134.711","-106.731","M-11","Core Worlds","Sin sector registrado","planet","legends","Corellian Run","https://starwars.fandom.com/wiki/Perma"
"Lolnar","1155.9","970","138.394","-117.551","M-11","Core Worlds","Sin sector registrado","planet","legends","Corellian Run","https://starwars.fandom.com/wiki/Lolnar"
"Columus","1151.3","980.9","133.33","-129.521","M-11","Core Worlds","Sin sector registrado","planet","legends","","https://starwars.fandom.com/wiki/Columus"
"Lettow","1145.3","996.3","126.726","-146.533","M-11","Core Worlds","Sin sector registrado","planet","legends","","https://starwars.fandom.com/wiki/Lettow"
"Rehemsa","1165.2","1000.4","148.595","-151.022","M-11","Core Worlds","Sin sector registrado","planet","legends","Corellian Run","https://starwars.fandom.com/wiki/Rehemsa"
"Sedratis","1168.5","1010.6","152.163","-162.187","M-11","Core Worlds","Sin sector registrado","planet","canon","Corellian Run","https://starwars.fandom.com/wiki/Sedratis"
"Baraboo","1194.8","996.7","181.111","-146.907","M-11","Core Worlds","Sin sector registrado","planet","legends","Hydian Way","https://starwars.fandom.com/wiki/Baraboo"
"Bellassa","1196.6","1002","183.068","-152.777","M-11","Core Worlds","Sin sector registrado","planet","legends","Hydian Way","https://starwars.fandom.com/wiki/Bellassa"
"Jaciprus","1200","1014.3","186.866","-166.244","M-11","Core Worlds","Sin sector registrado","planet","legends","Hydian Way","https://starwars.fandom.com/wiki/Jaciprus"
"Voktunma","1201.7","1019.8","188.708","-172.345","M-11","Core Worlds","Sin sector registrado","planet","legends","Hydian Way","https://starwars.fandom.com/wiki/Voktunma"
"Samaria","1184.4","1017","169.716","-169.237","M-11","Core Worlds","Sin sector registrado","planet","legends","","https://starwars.fandom.com/wiki/Samaria"
"Rydonni Prime","1171.1","1021.6","155.098","-174.301","M-11","Core Worlds","Sin sector registrado","planet","legends","Corellian Run","https://starwars.fandom.com/wiki/Rydonni_Prime"
"Goorla","1170.6","1027.1","154.523","-180.287","M-11","Core Worlds","Sin sector registrado","planet","legends","","https://starwars.fandom.com/wiki/Goorla"
"Sacorria","1168.2","1030.9","151.875","-184.545","M-11","Core Worlds","Sin sector registrado","planet","legends","","https://starwars.fandom.com/wiki/Sacorria"
"Corellia","1173.4","1032.3","157.553","-186.038","M-11","Core Worlds","Sin sector registrado","planet","canon","Corellian Run | Corellian Trade Spine","https://starwars.fandom.com/wiki/Corellia"
"Duro","1173","1033","157.102","-186.797","M-11","Core Worlds","Sin sector registrado","planet","canon","","https://starwars.fandom.com/wiki/Duro"
"Nubia","1173.4","1032.9","157.609","-186.709","M-11","Core Worlds","Sin sector registrado","planet","canon","","https://starwars.fandom.com/wiki/Nubia"
"Karvoss","1136.7","1049.8","117.243","-205.225","M-12","Core Worlds","Sin sector registrado","planet","legends","","https://starwars.fandom.com/wiki/Karvoss"
"Hemei","1124.4","1060.7","103.763","-217.226","M-12","Core Worlds","Sin sector registrado","planet","legends","","https://starwars.fandom.com/wiki/Hemei"
"Chasin","1174.1","1090","158.341","-249.447","M-12","Core Worlds","Sin sector registrado","planet","legends","Corellian Trade Spine","https://starwars.fandom.com/wiki/Chasin"
"Chamm","1125.9","1090.9","105.407","-250.433","M-12","Core Worlds","Sin sector registrado","planet","legends","","https://starwars.fandom.com/wiki/Chamm"
"Shumogi","1134","1077.3","114.284","-235.473","M-12","Core Worlds","Sin sector registrado","planet","legends","","https://starwars.fandom.com/wiki/Shumogi"
"Tinnel","1185.2","1057.2","170.506","-213.445","M-12","Core Worlds","Sin sector registrado","planet","canon","Corellian Run","https://starwars.fandom.com/wiki/Tinnel"
"Condular","1167.5","1112.4","151.108","-274.106","M-12","Core Worlds","Sin sector registrado","planet","legends","Corellian Trade Spine","https://starwars.fandom.com/wiki/Condular"
"Gandeal","1162.9","1120.8","146.043","-283.287","M-12","Core Worlds","Sin sector registrado","planet","legends","Corellian Trade Spine","https://starwars.fandom.com/wiki/Gandeal"
"Danteel","1135.4","1100.8","115.793","-261.304","M-12","Core Worlds","Sin sector registrado","planet","legends","","https://starwars.fandom.com/wiki/Danteel"
"Kobaria","1131.6","1104.3","111.601","-265.126","M-12","Core Worlds","Sin sector registrado","planet","legends","","https://starwars.fandom.com/wiki/Kobaria"
"Sestria","1123.5","1140.4","102.724","-304.827","M-13","Core Worlds","Sin sector registrado","planet","legends","","https://starwars.fandom.com/wiki/Sestria"
"Coruscant","1030","863","0","0","K-9","Core Worlds","Sin sector registrado","planet","canon","Byss Run | Corellian Run | Namadii Corridor | Perlemian Trade Route","https://starwars.fandom.com/wiki/Coruscant"
"Thrantin","897.2","818.3","-145.977","49.154","J-9","Colonies","Ollonir Boundaries[","planet","legends","","https://starwars.fandom.com/wiki/Thrantin"
"Batorine","911.4","781.6","-130.359","89.431","J-9","Colonies","Sin sector registrado","planet","legends","","https://starwars.fandom.com/wiki/Batorine"
"Phu","932.6","1203.4","-107.075","-374.057","J-13","Colonies","Sin sector registrado","planet","canon","","https://starwars.fandom.com/wiki/Phu"
"Trunska","924.8","1188.7","-115.624","-357.946","J-13","Colonies","Sin sector registrado","planet","legends","","https://starwars.fandom.com/wiki/Trunska"
"Candoria","913.7","1168.2","-127.789","-335.424","J-13","Colonies","Sin sector registrado","planet","legends","","https://starwars.fandom.com/wiki/Candoria"
"Hjaff","914","1140.3","-127.46","-304.683","J-13","Colonies","Sin sector registrado","planet","legends","","https://starwars.fandom.com/wiki/Hjaff"
"Sif-Uwana","968.4","761.6","-67.725","111.459","K-8","Colonies","Sin sector registrado","planet","legends","","https://starwars.fandom.com/wiki/Sif-Uwana"
"Vakkar","943.8","774.6","-94.686","97.157","K-9","Colonies","Fakir","planet","legends","Shwuy Exchange","https://starwars.fandom.com/wiki/Vakkar"
"Palanhi","969.6","774.1","-66.41","97.65","K-9","Colonies","Sin sector registrado","planet","legends","Namadii Corridor | Shwuy Exchange","https://starwars.fandom.com/wiki/Palanhi"
"Venjagga","981.5","802.9","-53.259","66.087","K-9","Colonies","Sin sector registrado","planet","legends","","https://starwars.fandom.com/wiki/Venjagga"
"Ord Mirit","986.9","795.5","-47.341","74.142","K-9","Colonies","Sin sector registrado","planet","legends","Namadii Corridor","https://starwars.fandom.com/wiki/Ord_Mirit"
"Borleias","992.5","805.6","-41.258","63.128","K-9","Colonies","Sin sector registrado","planet","legends","Namadii Corridor","https://starwars.fandom.com/wiki/Borleias"
"Noquivzor","988.1","772.5","-46.026","99.459","K-9","Colonies","Sin sector registrado","planet","legends","Shwuy Exchange","https://starwars.fandom.com/wiki/Noquivzor"
"Ophideraan","1019.8","1216","-11.234","-387.866","K-13","Colonies","Sin sector registrado","planet","legends","","https://starwars.fandom.com/wiki/Ophideraan"
"Whelori","1003.9","1217.5","-28.66","-389.51","K-13","Colonies","Sin sector registrado","planet","legends","","https://starwars.fandom.com/wiki/Whelori"
"Vaykaaris","958.7","1213.1","-78.307","-384.742","K-13","Colonies","Sin sector registrado","planet","legends","","https://starwars.fandom.com/wiki/Vaykaaris"
"Zenox Cluster","962.5","1192.3","-74.197","-361.892","K-13","Colonies","Sin sector registrado","misc","legends","","https://starwars.fandom.com/wiki/Zenox_Cluster"
"Omar","981.3","1172.6","-53.483","-340.192","K-13","Colonies","Sin sector registrado","planet","legends","","https://starwars.fandom.com/wiki/Omar"
"Baradas","1037.3","757.8","8.06","115.569","L-8","Colonies","Sin sector registrado","planet","legends","","https://starwars.fandom.com/wiki/Baradas"
"Ord Antalaha","1052.7","770.2","24.951","102.007","L-8","Colonies","Sin sector registrado","planet","legends","Shwuy Exchange","https://starwars.fandom.com/wiki/Ord_Antalaha"
"Nierport","1088.7","757.8","64.529","115.569","L-8","Colonies","Sin sector registrado","planet","legends","Hydian Way","https://starwars.fandom.com/wiki/Nierport"
"Uviuy Exen","1080.3","781.8","55.282","89.184","L-9","Colonies","Sin sector registrado","planet","legends","Hydian Way | Shwuy Exchange","https://starwars.fandom.com/wiki/Uviuy_Exen"
"Doldrums","1107.1","782.6","84.749","88.321","L-9","Colonies","Sin sector registrado","planet","legends","","https://starwars.fandom.com/wiki/Doldrums"
"Delle","1111","814","89.064","53.798","L-9","Colonies","Sin sector registrado","planet","legends","Perlemian Trade Route","https://starwars.fandom.com/wiki/Delle"
"Dankayo","1073.5","772.3","47.761","99.664","L-9","Colonies","Sin sector registrado","planet","legends","Shwuy Exchange","https://starwars.fandom.com/wiki/Dankayo"
"Kiribi","1120.7","772.6","99.668","99.294","L-9","Colonies","Sin sector registrado","planet","legends","","https://starwars.fandom.com/wiki/Kiribi"
"Nara","1055.4","802.3","27.91","66.744","L-9","Colonies","Sin sector registrado","planet","legends","","https://starwars.fandom.com/wiki/Nara"
"Wakeelmui","1078.7","798.9","53.556","70.443","L-9","Colonies","Sin sector registrado","planet","legends","Hydian Way","https://starwars.fandom.com/wiki/Wakeelmui"
"Jatir","1114.6","826.1","92.961","40.536","L-9","Colonies","Sin sector registrado","planet","legends","","https://starwars.fandom.com/wiki/Jatir"
"Giju","1032.8","1185.9","3.068","-354.823","L-13","Colonies","Sin sector registrado","planet","canon","Guu Run | Rimma Trade Route","https://starwars.fandom.com/wiki/Giju"
"Cilpar","1031.1","1197.9","1.26","-367.974","L-13","Colonies","Sin sector registrado","planet","legends","","https://starwars.fandom.com/wiki/Cilpar"
"Vindalia","1043","1180.2","14.247","-348.576","L-13","Colonies","Sin sector registrado","planet","legends","","https://starwars.fandom.com/wiki/Vindalia"
"Fondor","1053","1199.4","25.261","-369.618","L-13","Colonies","Sin sector registrado","planet","canon","Shipwrights' Trace","https://starwars.fandom.com/wiki/Fondor"
"Ghorman","1055.5","1224.9","28.056","-397.729","L-13","Colonies","Sin sector registrado","planet","canon","Rimma Trade Route","https://starwars.fandom.com/wiki/Ghorman"
"Mrlsst","1056.4","1205.9","29.042","-376.851","L-13","Colonies","Sin sector registrado","planet","legends","","https://starwars.fandom.com/wiki/Mrlsst"
"Bassadro","1086.6","1203.5","62.249","-374.221","L-13","Colonies","Sin sector registrado","planet","legends","","https://starwars.fandom.com/wiki/Bassadro"
"Teyr Vulvarch","1107","1209.7","84.607","-380.961","L-13","Colonies","Sin sector registrado","planet","legends","Shipwrights' Trace","https://starwars.fandom.com/wiki/Teyr_Vulvarch"
"Laakteen Depot","1032.9","1208.3","3.232","-379.482","L-13","Colonies","Sin sector registrado","station","legends","","https://starwars.fandom.com/wiki/Laakteen_Depot"
"Arkania","1129.8","770.8","109.634","101.269","M-8","Colonies","Sin sector registrado","planet","legends","","https://starwars.fandom.com/wiki/Arkania"
"Kluistar","1125.2","763.7","104.631","109.1","M-8","Colonies","Sin sector registrado","planet","legends","","https://starwars.fandom.com/wiki/Kluistar"
"Raithal","1166","785","149.412","85.716","M-9","Colonies","Sin sector registrado","planet","canon","Perlemian Trade Route","https://starwars.fandom.com/wiki/Raithal"
"Castell","1157","790","139.529","80.255","M-9","Colonies","Sin sector registrado","planet","canon","Perlemian Trade Route","https://starwars.fandom.com/wiki/Castell"
"Shulstine","1151.7","792.2","133.755","77.81","M-9","Colonies","Sin sector registrado","planet","legends","Perlemian Trade Route","https://starwars.fandom.com/wiki/Shulstine"
"Ifmix","1140.1","797.5","120.96","71.932","M-9","Colonies","Sin sector registrado","planet","legends","Perlemian Trade Route","https://starwars.fandom.com/wiki/Ifmix"
"Yabol Opa","1129.4","804","109.256","64.858","M-9","Colonies","Sin sector registrado","planet","legends","Perlemian Trade Route","https://starwars.fandom.com/wiki/Yabol_Opa"
"Teardrop","1126.2","821.4","105.71","45.715","M-9","Colonies","Sin sector registrado","planet","legends","","https://starwars.fandom.com/wiki/Teardrop"
"Shelkonwa","1136.2","823.8","116.683","43.126","M-9","Colonies","Sin sector registrado","planet","legends","","https://starwars.fandom.com/wiki/Shelkonwa"
"Belnar","1147.4","806.5","129.012","62.113","M-9","Colonies","Sin sector registrado","planet","legends","","https://starwars.fandom.com/wiki/Belnar"
"Argai Minor","1158.3","815.2","140.972","52.496","M-9","Colonies","Sin sector registrado","planet","legends","","https://starwars.fandom.com/wiki/Argai_Minor"
"Carida","1168","809.1","151.698","59.277","M-9","Colonies","Sin sector registrado","planet","canon","","https://starwars.fandom.com/wiki/Carida"
"Dakshee","1169.8","816.7","153.671","50.893","M-9","Colonies","Sin sector registrado","planet","legends","","https://starwars.fandom.com/wiki/Dakshee"
"Hok","1190.8","828.2","176.727","38.194","M-9","Colonies","Sin sector registrado","planet","canon","","https://starwars.fandom.com/wiki/Hok"
"Grandine","1187.3","858.2","172.905","5.274","M-9","Colonies","Sin sector registrado","planet","legends","","https://starwars.fandom.com/wiki/Grandine"
"Parkis","1186.2","884.9","171.672","-24.07","M-10","Colonies","Sin sector registrado","planet","legends","Commenor Run","https://starwars.fandom.com/wiki/Parkis"
"Kattada","1203.8","885.8","191.03","-25.056","M-10","Colonies","Sin sector registrado","planet","legends","Commenor Run","https://starwars.fandom.com/wiki/Kattada"
"Neimoidia","1201.6","917.6","188.564","-59.984","M-10","Colonies","Sin sector registrado","planet","canon","","https://starwars.fandom.com/wiki/Neimoidia"
"Balmorra","1200.7","916","187.596","-58.187","M-10","Colonies","Sin sector registrado","planet","canon","","https://starwars.fandom.com/wiki/Balmorra"
"Exodeen","1210.8","1052.1","198.674","-207.779","M-12","Colonies","Sin sector registrado","planet","canon","Hydian Way | Nanth'ri Route","https://starwars.fandom.com/wiki/Exodeen"
"Loronar","1197.7","1088.5","184.248","-247.85","M-12","Colonies","Sin sector registrado","planet","legends","Corellian Run","https://starwars.fandom.com/wiki/Loronar"
"Byblos","1204.4","1103.4","191.646","-264.125","M-12","Colonies","Sin sector registrado","planet","legends","Corellian Run","https://starwars.fandom.com/wiki/Byblos"
"Pencael","1210.8","1113.5","198.674","-275.221","M-12","Colonies","Sin sector registrado","planet","legends","Corellian Run","https://starwars.fandom.com/wiki/Pencael"
"Arat Fraca","1192.2","1104.5","178.207","-265.358","M-12","Colonies","Sin sector registrado","planet","legends","","https://starwars.fandom.com/wiki/Arat_Fraca"
"Motexx","1165","1156.8","148.37","-322.813","M-13","Colonies","Sin sector registrado","planet","legends","","https://starwars.fandom.com/wiki/Motexx"
"Froswythe","1167.9","1165.7","151.575","-332.677","M-13","Colonies","Sin sector registrado","planet","legends","","https://starwars.fandom.com/wiki/Froswythe"
"Enisca","1145.3","1167.3","126.67","-334.403","M-13","Colonies","Sin sector registrado","planet","legends","Corellian Trade Spine","https://starwars.fandom.com/wiki/Enisca"
"Kelada","1140.2","1184.5","121.121","-353.267","M-13","Colonies","Kuluur","planet","legends","Corellian Trade Spine","https://starwars.fandom.com/wiki/Kelada"
"Devaron","1139.5","1202.5","120.382","-373.117","M-13","Colonies","Duluur","planet","canon","","https://starwars.fandom.com/wiki/Devaron"
"Belazura","1154.2","1143.6","136.533","-308.388","M-13","Colonies","Sin sector registrado","planet","legends","Corellian Trade Spine","https://starwars.fandom.com/wiki/Belazura"
"Bryexx","1148","1159","129.629","-325.279","M-13","Colonies","Sin sector registrado","planet","legends","Corellian Trade Spine","https://starwars.fandom.com/wiki/Bryexx"
"Sanjin","1133.8","1146.4","114.073","-311.456","M-13","Colonies","Sin sector registrado","planet","legends","","https://starwars.fandom.com/wiki/Sanjin"
"Corroth","1217.7","831.8","206.318","34.249","N-9","Colonies","Sin sector registrado","planet","legends","","https://starwars.fandom.com/wiki/Corroth"
"Tibro","1218.6","841.9","207.304","23.152","N-9","Colonies","Sin sector registrado","planet","legends","","https://starwars.fandom.com/wiki/Tibro"
"Manwess","1226.3","851.6","215.688","12.549","N-9","Colonies","Sin sector registrado","planet","legends","","https://starwars.fandom.com/wiki/Manwess"
"Uquine","1217.6","893.7","206.195","-33.687","N-10","Colonies","Sin sector registrado","planet","canon","Commenor Run","https://starwars.fandom.com/wiki/Uquine"
"Resht","1236.5","886.1","226.908","-25.426","N-10","Colonies","Sin sector registrado","planet","legends","","https://starwars.fandom.com/wiki/Resht"
"Xobome","1243","892.1","234.059","-31.961","N-10","Colonies","Sin sector registrado","planet","legends","","https://starwars.fandom.com/wiki/Xobome"
"Foundry","1215.6","931.2","203.975","-74.991","N-10","Colonies","Sin sector registrado","planet","legends","","https://starwars.fandom.com/wiki/Foundry"
"Faro","1260.2","928","252.924","-71.415","N-10","Colonies","Sin sector registrado","planet","legends","","https://starwars.fandom.com/wiki/Faro"
"Commenor","1240.3","952.4","231.1","-98.293","N-10","Colonies","Sin sector registrado","planet","canon","Commenor Run | Fedalle Run | Quellor Run | Trellen Trade Route | Trellent Trade Route","https://starwars.fandom.com/wiki/Commenor"
"Damoria","1232","961.2","221.977","-107.91","N-11","Colonies","Sin sector registrado","planet","legends","Quellor Run","https://starwars.fandom.com/wiki/Damoria"
"Chorax","1225.7","969.1","215.072","-116.541","N-11","Colonies","Sin sector registrado","planet","legends","Quellor Run","https://starwars.fandom.com/wiki/Chorax"
"Vladet","1225.2","980.9","214.456","-129.61","N-11","Colonies","Sin sector registrado","planet","legends","Quellor Run","https://starwars.fandom.com/wiki/Vladet"
"Cato Neimoidia","1226.8","986","216.305","-135.158","N-11","Colonies","Sin sector registrado","planet","canon","Quellor Run","https://starwars.fandom.com/wiki/Cato_Neimoidia"
"Hensara","1228.6","991.3","218.278","-140.953","N-11","Colonies","Sin sector registrado","planet","legends","Quellor Run","https://starwars.fandom.com/wiki/Hensara"
"Darek","1255.9","997.2","248.238","-147.488","N-11","Colonies","Sin sector registrado","planet","legends","","https://starwars.fandom.com/wiki/Darek"
"Talasea","1234.1","1004.8","224.319","-155.872","N-11","Colonies","Sin sector registrado","planet","legends","Quellor Run","https://starwars.fandom.com/wiki/Talasea"
"Vanjervalis","1219","1038.7","207.674","-193.107","N-11","Colonies","Sin sector registrado","planet","legends","","https://starwars.fandom.com/wiki/Vanjervalis"
"Lankashiir","1243.6","1038.3","234.676","-192.614","N-11","Colonies","Sin sector registrado","planet","legends","Quellor Run","https://starwars.fandom.com/wiki/Lankashiir"
"Quellor","1243.7","1053.5","234.799","-209.382","N-12","Colonies","Sin sector registrado","planet","legends","Nanth'ri Route | Quellor Run","https://starwars.fandom.com/wiki/Quellor"
"Boudolayz","1213","1056.8","201.14","-212.957","N-12","Colonies","Sin sector registrado","planet","legends","Hydian Way","https://starwars.fandom.com/wiki/Boudolayz"
"Herzob","1214.9","1063","203.236","-219.739","N-12","Colonies","Sin sector registrado","planet","legends","Hydian Way","https://starwars.fandom.com/wiki/Herzob"
"Besnia","1218.8","1073.4","207.428","-231.205","N-12","Colonies","Sin sector registrado","planet","legends","Hydian Way","https://starwars.fandom.com/wiki/Besnia"
"Koensayr","1221.3","1082.6","210.264","-241.315","N-12","Colonies","Sin sector registrado","planet","legends","Hydian Way","https://starwars.fandom.com/wiki/Koensayr"
"Aquilae","1225.8","1100.8","215.195","-261.289","N-12","Colonies","Sin sector registrado","planet","legends","Hydian Way","https://starwars.fandom.com/wiki/Aquilae"
"Havricus","1221","1128.1","209.894","-291.373","N-12","Colonies","Sin sector registrado","planet","legends","Corellian Run","https://starwars.fandom.com/wiki/Havricus"
"Virgillia","805","1657.1","-247.289","-872.609","I-18","Outer Rim","Koradin","planet","canon","Lipsec Run","https://starwars.fandom.com/wiki/Virgillia"
"Lipsec","779","1651.1","-275.842","-866.091","I-18","Outer Rim","Koradin","planet","legends","Lipsec Run","https://starwars.fandom.com/wiki/Lipsec"
"Coveway","824","1607.8","-226.339","-818.45","I-18","Outer Rim","Koradin","planet","legends","","https://starwars.fandom.com/wiki/Coveway"
"Sump","840.7","1674.1","-207.986","-891.331","I-18","Outer Rim","Koradin","planet","canon","Lipsec Run","https://starwars.fandom.com/wiki/Sump"
"Abridon","908.6","1670.9","-133.386","-887.816","J-18","Outer Rim","Koradin","planet","legends","Lipsec Run","https://starwars.fandom.com/wiki/Abridon"
"Keskin","880.9","1675.7","-163.801","-893.093","J-18","Outer Rim","Koradin","planet","legends","Lipsec Run","https://starwars.fandom.com/wiki/Keskin"
"Trenwyth","770.5","1496.9","-285.213","-696.555","I-16","Outer Rim","Stensen","planet","legends","","https://starwars.fandom.com/wiki/Trenwyth"
"Gannaria","688","1358.7","-375.84","-544.684","H-15","Outer Rim","Trilon","planet","legends","","https://starwars.fandom.com/wiki/Gannaria"
"Zaddja","686.9","1331.5","-377.081","-514.889","H-15","Outer Rim","Trilon","planet","legends","","https://starwars.fandom.com/wiki/Zaddja"
"Rattatak","693.3","1417","-370.046","-608.826","H-16","Outer Rim","Trilon","planet","canon","","https://starwars.fandom.com/wiki/Rattatak"
"Abbaji","742.6","1484.4","-315.836","-682.899","H-16","Outer Rim","Zuma","planet","legends","Spar Trade Route","https://starwars.fandom.com/wiki/Abbaji"
"Firrerre","701.2","1459.2","-361.356","-655.173","H-16","Outer Rim","Zuma","planet","legends","Spar Trade Route","https://starwars.fandom.com/wiki/Firrerre"
"Houche","715.5","1433.6","-345.631","-627.034","H-16","Outer Rim","Zuma","planet","legends","Spar Trade Route","https://starwars.fandom.com/wiki/Houche"
"Annaj","729.8","1498.1","-329.842","-697.931","H-16","Outer Rim","Moddell","planet","legends","Spar Trade Route","https://starwars.fandom.com/wiki/Annaj"
"Endor","717.7","1484.6","-343.219","-683.025","H-16","Outer Rim","Moddell","planet","canon","Shiritoku Way | Spar Trade Route","https://starwars.fandom.com/wiki/Endor"
"Ast Kikorie","713.6","1482","-347.7","-680.259","H-16","Outer Rim","Moddell","planet","legends","Shiritoku Way","https://starwars.fandom.com/wiki/Ast_Kikorie"
"Sanyassa","714.9","1487","-346.21","-685.71","H-16","Outer Rim","Moddell","planet","legends","Shiritoku Way","https://starwars.fandom.com/wiki/Sanyassa"
"Endor Gate","717.2","1484.8","-343.775","-683.326","H-16","Outer Rim","Moddell","planet","legends","","https://starwars.fandom.com/wiki/Endor_Gate"
"Murk","720.4","1485.9","-340.262","-684.49","H-16","Outer Rim","Moddell","planet","legends","","https://starwars.fandom.com/wiki/Murk"
"UR-3741","717.6","1480.5","-343.3","-678.625","H-16","Outer Rim","Moddell","planet","legends","","https://starwars.fandom.com/wiki/UR-3741"
"Zorbia","720.2","1480.4","-340.433","-678.422","H-16","Outer Rim","Moddell","planet","legends","","https://starwars.fandom.com/wiki/Zorbia"
"Din Pulsar","720.8","1484.5","-339.812","-682.986","H-16","Outer Rim","Moddell","planet","legends","","https://starwars.fandom.com/wiki/Din_Pulsar"
"UR-1060","721.9","1477.3","-338.578","-675.058","H-16","Outer Rim","Moddell","planet","legends","","https://starwars.fandom.com/wiki/UR-1060"
"UR-2650","724.6","1475.7","-335.562","-673.259","H-16","Outer Rim","Moddell","planet","legends","","https://starwars.fandom.com/wiki/UR-2650"
"UR-9353","727.1","1475.9","-332.81","-673.497","H-16","Outer Rim","Moddell","planet","legends","","https://starwars.fandom.com/wiki/UR-9353"
"UR-8827","725.7","1478.5","-334.424","-676.328","H-16","Outer Rim","Moddell","planet","legends","","https://starwars.fandom.com/wiki/UR-8827"
"Vex","730.1","1479.5","-329.512","-677.475","H-16","Outer Rim","Moddell","planet","legends","Spar Trade Route","https://starwars.fandom.com/wiki/Vex"
"Vasha","734.8","1478.2","-324.45","-676.037","H-16","Outer Rim","Moddell","planet","legends","Spar Trade Route","https://starwars.fandom.com/wiki/Vasha"
"Trindello","725.1","1483.8","-335.097","-682.185","H-16","Outer Rim","Moddell","planet","legends","Spar Trade Route","https://starwars.fandom.com/wiki/Trindello"
"Qina","730.2","1486.5","-329.444","-685.14","H-16","Outer Rim","Moddell","planet","legends","Spar Trade Route","https://starwars.fandom.com/wiki/Qina"
"Maya Kovel","736.3","1483.4","-322.714","-681.705","H-16","Outer Rim","Moddell","planet","legends","Spar Trade Route","https://starwars.fandom.com/wiki/Maya_Kovel"
"Kuna's Tail","718.1","1489.9","-342.801","-688.917","H-16","Outer Rim","Moddell","planet","legends","","https://starwars.fandom.com/wiki/Kuna%27s_Tail"
"Kuna's Horn","722.4","1489.9","-338.003","-688.873","H-16","Outer Rim","Moddell","planet","legends","","https://starwars.fandom.com/wiki/Kuna%27s_Horn"
"Kuna's Fist","721.6","1491.5","-338.929","-690.611","H-16","Outer Rim","Moddell","planet","legends","","https://starwars.fandom.com/wiki/Kuna%27s_Fist"
"Kuna's Eye","723.1","1494","-337.227","-693.362","H-16","Outer Rim","Moddell","planet","legends","","https://starwars.fandom.com/wiki/Kuna%27s_Eye"
"Kuna's Tooth","725.2","1492.2","-334.943","-691.396","H-16","Outer Rim","Moddell","planet","legends","","https://starwars.fandom.com/wiki/Kuna%27s_Tooth"
"Thonner","734.1","1490","-325.171","-689.05","H-16","Outer Rim","Moddell","planet","legends","Spar Trade Route","https://starwars.fandom.com/wiki/Thonner"
"Ovise","731.9","1494.8","-327.596","-694.288","H-16","Outer Rim","Moddell","planet","legends","Spar Trade Route","https://starwars.fandom.com/wiki/Ovise"
"Timora","662.4","1487.8","-403.979","-686.623","G-16","Outer Rim","Bakura","planet","legends","Shiritoku Way","https://starwars.fandom.com/wiki/Timora"
"Bunduki","688.7","1436.6","-375.012","-630.344","H-16","Outer Rim","Pacanth Reach","planet","legends","","https://starwars.fandom.com/wiki/Bunduki"
"Lanteeb","798.2","1545.1","-254.738","-749.55","I-17","Outer Rim","Bri'ahl","planet","canon","","https://starwars.fandom.com/wiki/Lanteeb"
"Imynusoph","934.1","1886","-105.409","-1124.192","J-21","Outer Rim","Kallea","planet","legends","Hydian Way","https://starwars.fandom.com/wiki/Imynusoph"
"Terminus","964.1","1858.2","-72.459","-1093.647","K-20","Outer Rim","Kallea","planet","legends","Corellian Trade Spine | Hydian Way","https://starwars.fandom.com/wiki/Terminus"
"Delrakkin","983.3","1887","-51.277","-1125.304","K-21","Outer Rim","Kallea","planet","legends","","https://starwars.fandom.com/wiki/Delrakkin"
"Cantros","892.6","1833.5","-151.033","-1066.464","J-20","Outer Rim","Saijo","planet","legends","","https://starwars.fandom.com/wiki/Cantros"
"Faldos","944.4","1805.1","-94.107","-1035.221","K-20","Outer Rim","Saijo","planet","legends","","https://starwars.fandom.com/wiki/Faldos"
"Saijo","941.1","1822.5","-97.65","-1054.36","K-20","Outer Rim","Saijo","planet","legends","","https://starwars.fandom.com/wiki/Saijo"
"Barkhesh","980.4","1749.7","-54.536","-974.433","K-19","Outer Rim","Seitia","planet","legends","","https://starwars.fandom.com/wiki/Barkhesh"
"Manpha","957.5","1786","-79.675","-1014.271","K-20","Outer Rim","Seitia","planet","legends","Corellian Trade Spine","https://starwars.fandom.com/wiki/Manpha"
"Najarka","896.8","1723.2","-146.421","-945.234","J-19","Outer Rim","Rayter","planet","legends","","https://starwars.fandom.com/wiki/Najarka"
"Absit","832.6","1714.4","-216.873","-935.612","I-19","Outer Rim","Tunka","planet","legends","","https://starwars.fandom.com/wiki/Absit"
"Thakwaa","808.1","1699.2","-243.875","-918.853","I-19","Outer Rim","Tunka","planet","legends","","https://starwars.fandom.com/wiki/Thakwaa"
"Skye","736.6","1765.8","-322.397","-992.098","H-19","Outer Rim","Varada","planet","legends","","https://starwars.fandom.com/wiki/Skye"
"Fwatna","1004.9","1819.9","-27.534","-1051.515","K-20","Outer Rim","Subterrel","planet","legends","Hydian Way","https://starwars.fandom.com/wiki/Fwatna"
"Polis Massa","1001.8","1839.6","-31.026","-1073.163","K-20","Outer Rim","Subterrel","planet","canon","","https://starwars.fandom.com/wiki/Polis_Massa"
"Subterrel","1042","1859.2","13.201","-1094.776","L-20","Outer Rim","Subterrel","planet","canon","","https://starwars.fandom.com/wiki/Subterrel"
"Quintas","925.3","1694.1","-115.074","-913.266","J-19","Outer Rim","Kriz","planet","legends","","https://starwars.fandom.com/wiki/Black_Hole_of_Quintas"
"Sil'Lume","955.4","1743.8","-82.003","-967.915","K-19","Outer Rim","Kriz","planet","legends","Corellian Trade Spine","https://starwars.fandom.com/wiki/Sil'Lume"
"Berrol's Donn","954.7","1701.3","-82.753","-921.214","K-19","Outer Rim","Kriz","planet","legends","Corellian Trade Spine","https://starwars.fandom.com/wiki/Berrol%27s_Donn"
"Elrood","1172.5","1777.6","156.609","-1005.098","M-20","Outer Rim","Elrood","planet","legends","","https://starwars.fandom.com/wiki/Elrood"
"Tarabba","1177.5","1755.6","162.137","-980.846","M-19","Outer Rim","Tarabba","planet","legends","Rimma Trade Route","https://starwars.fandom.com/wiki/Tarabba"
"Skustell Cluster","1233.3","1736.3","223.415","-959.708","N-19","Outer Rim","Tarabba","misc","legends","","https://starwars.fandom.com/wiki/Skustell_Cluster"
"Utapau","1217.2","1758.8","205.724","-984.382","N-19","Outer Rim","Tarabba","planet","canon","","https://starwars.fandom.com/wiki/Utapau"
"Vestar","1267.1","1837","260.54","-1070.384","N-20","Outer Rim","Rseik","planet","legends","","https://starwars.fandom.com/wiki/Vestar"
"Cotellier","1279.2","1809.3","273.808","-1039.891","N-20","Outer Rim","Rseik","planet","legends","Sanrafsix Corridor","https://starwars.fandom.com/wiki/Cotellier"
"Taroon","1295.9","1776.3","292.197","-1003.578","N-20","Outer Rim","Rseik","planet","legends","","https://starwars.fandom.com/wiki/Taroon"
"Ma'ar Shaddam","1279.4","1790.4","274.041","-1019.174","N-20","Outer Rim","Rseik","planet","legends","Sanrafsix Corridor","https://starwars.fandom.com/wiki/Ma'ar_Shaddam"
"Corva Yag","1232.1","1805.3","222.133","-1035.468","N-20","Outer Rim","Rseik","planet","legends","","https://starwars.fandom.com/wiki/Corva_Yag"
"Swellen","1117.7","1785.3","96.321","-1013.478","L-20","Outer Rim","Airam","planet","legends","","https://starwars.fandom.com/wiki/Swellen"
"Skor","1158.3","1810.5","141.013","-1041.178","M-20","Outer Rim","Airam","planet","legends","","https://starwars.fandom.com/wiki/Skor"
"Kal'Shebbol","1181","1889.3","165.9","-1127.83","M-21","Outer Rim","Kathol","planet","legends","Rimma Trade Route","https://starwars.fandom.com/wiki/Kal'Shebbol"
"Adarlon","1178","1823.9","162.641","-1055.903","M-20","Outer Rim","Minos","planet","canon","Rimma Trade Route","https://starwars.fandom.com/wiki/Adarlon"
"Karideph","1177.8","1836.6","162.408","-1069.869","M-20","Outer Rim","Minos","planet","legends","Rimma Trade Route","https://starwars.fandom.com/wiki/Karideph"
"Pergitor","1178.6","1849.1","163.339","-1083.603","M-20","Outer Rim","Minos","planet","legends","Rimma Trade Route","https://starwars.fandom.com/wiki/Pergitor"
"Besberra","1067.4","1813.1","41.134","-1044.032","L-20","Outer Rim","Subterrel","planet","legends","","https://starwars.fandom.com/wiki/Besberra"
"Askaj","1141.4","1833.2","122.371","-1066.145","M-20","Outer Rim","Subterrel","planet","canon","","https://starwars.fandom.com/wiki/Askaj"
"Praesitlyn","1177.2","1694.1","161.788","-913.284","M-19","Outer Rim","Sluis","planet","legends","Rimma Trade Route","https://starwars.fandom.com/wiki/Praesitlyn"
"Sluis Van","1176.3","1697.9","160.741","-917.474","M-19","Outer Rim","Sluis","planet","canon","Rimma Trade Route","https://starwars.fandom.com/wiki/Sluis_Van"
"Denab","1174.5","1713.3","158.82","-934.408","M-19","Outer Rim","Sluis","planet","legends","Rimma Trade Route","https://starwars.fandom.com/wiki/Denab"
"Dagobah","1179.3","1728.6","164.058","-951.168","M-19","Outer Rim","Sluis","planet","canon","","https://starwars.fandom.com/wiki/Dagobah"
"Queyta","1193.6","1707.3","179.796","-927.765","M-19","Outer Rim","Danjar","planet","legends","","https://starwars.fandom.com/wiki/Queyta"
"Shumavar","1111.7","1703.1","89.803","-923.162","L-19","Outer Rim","Atravis","planet","legends","Hydian Way","https://starwars.fandom.com/wiki/Shumavar"
"Atravis","1095","1723.6","71.414","-945.741","L-19","Outer Rim","Atravis","planet","legends","Hydian Way","https://starwars.fandom.com/wiki/Atravis"
"Tosste","1060.7","1763.3","33.685","-989.33","L-19","Outer Rim","Atravis","planet","canon","Hydian Way","https://starwars.fandom.com/wiki/Tosste"
"Mustafar","1046.2","1759.1","17.856","-984.675","L-19","Outer Rim","Atravis","planet","canon","","https://starwars.fandom.com/wiki/Mustafar"
"Dorlo","1051.6","1707.5","23.702","-928.042","L-19","Outer Rim","Atravis","planet","legends","","https://starwars.fandom.com/wiki/Dorlo"
"Rutan","1039.9","1787.4","10.873","-1015.866","L-20","Outer Rim","Atravis","planet","legends","Hydian Way","https://starwars.fandom.com/wiki/Rutan"
"Kelrodo-Ai","1086.7","1676.7","62.346","-894.166","L-18","Outer Rim","Steniplis","planet","legends","Lipsec Run","https://starwars.fandom.com/wiki/Kelrodo-Ai"
"Ryoone","816","1586.8","-235.185","-795.406","I-17","Outer Rim","Wazta","planet","legends","Koda Spur","https://starwars.fandom.com/wiki/Ryoone"
"Vassek","841","1569.4","-207.718","-776.318","I-17","Outer Rim","Wazta","planet","canon","","https://starwars.fandom.com/wiki/Vassek"
"Koda Station","775.9","1600.2","-279.179","-810.07","I-18","Outer Rim","Wazta","station","legends","Koda Spur","https://starwars.fandom.com/wiki/Koda_Station"
"Cmaoli Di","1196.8","1565.9","183.261","-772.399","M-17","Outer Rim","Brema","planet","legends","Hydian Way","https://starwars.fandom.com/wiki/Cmaoli_Di"
"Sullust","1172","1574","156.027","-781.302","M-17","Outer Rim","Brema","planet","canon","Rimma Trade Route","https://starwars.fandom.com/wiki/Sullust"
"Bortras","1161.3","1599.4","144.33","-809.235","M-18","Outer Rim","Brema","planet","legends","","https://starwars.fandom.com/wiki/Bortras"
"Belsavis","1066.9","1606.2","40.589","-816.717","L-18","Outer Rim","Bozhnee","planet","legends","","https://starwars.fandom.com/wiki/Belsavis"
"Ossel","1069.9","1606.5","43.861","-817.056","L-18","Outer Rim","Bozhnee","planet","legends","","https://starwars.fandom.com/wiki/Ossel"
"Garnib","1074.9","1605","49.311","-815.336","L-18","Outer Rim","Bozhnee","planet","legends","","https://starwars.fandom.com/wiki/Garnib"
"Dolla","1052.8","1630.6","25.051","-843.57","L-18","Outer Rim","Videnda","planet","legends","D'aelgoth Trade Route | Koda Spur | Nothoiin Corridor","https://starwars.fandom.com/wiki/Dolla"
"Dorvalla","1156.9","1627","139.442","-839.612","M-18","Outer Rim","Videnda","planet","legends","Lipsec Run","https://starwars.fandom.com/wiki/Dorvalla"
"Lutrillia","930.5","1631","-109.35","-843.916","J-18","Outer Rim","Javin","planet","legends","Cerean Reach | Koda Spur","https://starwars.fandom.com/wiki/Lutrillia"
"Shuldene","925.6","1619.2","-114.703","-830.999","J-18","Outer Rim","Javin","planet","legends","Cerean Reach","https://starwars.fandom.com/wiki/Shuldene"
"Gerrenthum","947.9","1628","-90.242","-840.709","K-18","Outer Rim","Javin","planet","canon","Cerean Reach | Corellian Trade Spine | Koda Spur","https://starwars.fandom.com/wiki/Gerrenthum"
"Bespin","943.2","1636.4","-95.33","-849.857","K-18","Outer Rim","Javin","planet","canon","","https://starwars.fandom.com/wiki/Bespin"
"Hoth","943.8","1644.4","-94.755","-858.69","K-18","Outer Rim","Javin","planet","canon","","https://starwars.fandom.com/wiki/Hoth"
"Isde Naha","955","1673.6","-82.437","-890.816","K-18","Outer Rim","Javin","planet","canon","Corellian Trade Spine | Lipsec Run","https://starwars.fandom.com/wiki/Isde_Naha"
"Javin","955.1","1601.5","-82.324","-811.505","K-18","Outer Rim","Javin","planet","legends","","https://starwars.fandom.com/wiki/Javin"
"Aztubek","952.9","1605","-84.763","-815.345","K-18","Outer Rim","Javin","planet","legends","Corellian Trade Spine","https://starwars.fandom.com/wiki/Aztubek"
"Kumru","953.8","1609.6","-83.713","-820.434","K-18","Outer Rim","Javin","planet","legends","Corellian Trade Spine","https://starwars.fandom.com/wiki/Kumru"
"High Chunah","953","1614.4","-84.569","-825.744","K-18","Outer Rim","Javin","planet","legends","Corellian Trade Spine","https://starwars.fandom.com/wiki/High_Chunah"
"Kirtarkin","948.4","1619.2","-89.719","-830.982","K-18","Outer Rim","Javin","planet","canon","Corellian Trade Spine","https://starwars.fandom.com/wiki/Kirtarkin"
"Mexeluine","948.4","1623.6","-89.704","-835.802","K-18","Outer Rim","Javin","planet","canon","Corellian Trade Spine","https://starwars.fandom.com/wiki/Mexeluine"
"The Ring","952.7","1625.6","-84.924","-838.073","K-18","Outer Rim","Javin","planet","legends","","https://starwars.fandom.com/wiki/The_Ring"
"Council","955","1628.1","-82.388","-840.776","K-18","Outer Rim","Javin","planet","canon","Koda Spur","https://starwars.fandom.com/wiki/Council_(planet)"
"Nothoiin","961.5","1630.2","-75.222","-843.09","K-18","Outer Rim","Javin","planet","canon","Koda Spur","https://starwars.fandom.com/wiki/Nothoiin"
"Saila Na","966","1629.5","-70.275","-842.261","K-18","Outer Rim","Javin","planet","legends","Koda Spur","https://starwars.fandom.com/wiki/Saila_Na"
"Bavva","970.2","1628.6","-65.711","-841.278","K-18","Outer Rim","Javin","planet","canon","Koda Spur","https://starwars.fandom.com/wiki/Bavva"
"Zephry","966.5","1639.6","-69.744","-853.374","K-18","Outer Rim","Javin","planet","legends","","https://starwars.fandom.com/wiki/Zephry"
"Polmanar","969.1","1648.6","-66.913","-863.242","K-18","Outer Rim","Javin","planet","canon","","https://starwars.fandom.com/wiki/Polmanar"
"Delphon","968.6","1653.1","-67.469","-868.296","K-18","Outer Rim","Javin","planet","canon","","https://starwars.fandom.com/wiki/Delphon"
"Tinoon","969.9","1658.6","-66.066","-874.249","K-18","Outer Rim","Javin","planet","canon","","https://starwars.fandom.com/wiki/Tinoon"
"Mev","969.1","1666.6","-66.915","-883.062","K-18","Outer Rim","Javin","planet","legends","Lipsec Run","https://starwars.fandom.com/wiki/Mev"
"Togominda","954.6","1680","-82.898","-897.783","K-18","Outer Rim","Javin","planet","legends","Corellian Trade Spine","https://starwars.fandom.com/wiki/Togominda"
"Mijos","942.1","1622.8","-96.64","-834.897","K-18","Outer Rim","Javin","planet","canon","Cerean Reach | Koda Spur","https://starwars.fandom.com/wiki/Mijos"
"Indellian","947.2","1632.7","-90.985","-845.786","K-18","Outer Rim","Javin","planet","legends","Corellian Trade Spine","https://starwars.fandom.com/wiki/Indellian"
"Varonat","944.4","1634.6","-94.094","-847.937","K-18","Outer Rim","Javin","planet","legends","","https://starwars.fandom.com/wiki/Varonat"
"Anoat","943.3","1640.2","-95.223","-854.071","K-18","Outer Rim","Javin","planet","canon","","https://starwars.fandom.com/wiki/Anoat"
"Bendeluum","948.5","1636.2","-89.517","-849.679","K-18","Outer Rim","Javin","planet","canon","Corellian Trade Spine","https://starwars.fandom.com/wiki/Bendeluum"
"Ison","947","1646.7","-91.156","-861.241","K-18","Outer Rim","Javin","planet","canon","","https://starwars.fandom.com/wiki/Ison"
"Zhanox","948.9","1640.1","-89.163","-853.907","K-18","Outer Rim","Javin","planet","canon","Corellian Trade Spine","https://starwars.fandom.com/wiki/Zhanox"
"Ione","950.4","1643.8","-87.474","-858.066","K-18","Outer Rim","Javin","planet","canon","Corellian Trade Spine","https://starwars.fandom.com/wiki/Ione"
"Mataou","949.3","1647.1","-88.722","-861.646","K-18","Outer Rim","Javin","planet","canon","Corellian Trade Spine","https://starwars.fandom.com/wiki/Mataou"
"Allyuen","959.3","1643.2","-77.724","-857.391","K-18","Outer Rim","Javin","planet","canon","","https://starwars.fandom.com/wiki/Allyuen"
"Burnin Konn","955.6","1644.6","-81.706","-858.899","K-18","Outer Rim","Javin","planet","canon","","https://starwars.fandom.com/wiki/Burnin_Konn"
"Isis","955.3","1648.4","-82.09","-863.11","K-18","Outer Rim","Javin","planet","legends","","https://starwars.fandom.com/wiki/Isis"
"Tokmia","958.7","1647.4","-78.386","-861.982","K-18","Outer Rim","Javin","planet","canon","","https://starwars.fandom.com/wiki/Tokmia"
"Anantapar","950.3","1649.7","-87.608","-864.511","K-18","Outer Rim","Javin","planet","canon","Corellian Trade Spine","https://starwars.fandom.com/wiki/Anantapar"
"Shuxl","950.4","1652.5","-87.449","-867.607","K-18","Outer Rim","Javin","planet","legends","Corellian Trade Spine","https://starwars.fandom.com/wiki/Shuxl"
"Ertegas","950","1655.2","-87.96","-870.579","K-18","Outer Rim","Javin","planet","canon","Corellian Trade Spine","https://starwars.fandom.com/wiki/Ertegas"
"Darlyn Boda","949.6","1657.9","-88.348","-873.507","K-18","Outer Rim","Javin","planet","canon","Corellian Trade Spine","https://starwars.fandom.com/wiki/Darlyn_Boda"
"Orn Kios","950.6","1664.4","-87.299","-880.642","K-18","Outer Rim","Javin","planet","canon","Corellian Trade Spine","https://starwars.fandom.com/wiki/Orn_Kios"
"Ozu","949.2","1669.3","-88.775","-886.01","K-18","Outer Rim","Javin","planet","legends","Corellian Trade Spine","https://starwars.fandom.com/wiki/Ozu"
"Bettel","962.3","1671.6","-74.434","-888.603","K-18","Outer Rim","Javin","planet","legends","Lipsec Run","https://starwars.fandom.com/wiki/Bettel"
"Eriadu","1171.5","1617.7","155.503","-829.311","M-18","Outer Rim","Seswenna","planet","canon","Hydian Way | Lipsec Run | Nothoiin Corridor | Rimma Trade Route","https://starwars.fandom.com/wiki/Eriadu"
"Averam","1162.3","1633.2","145.378","-846.42","M-18","Outer Rim","Seswenna","planet","legends","Hydian Way","https://starwars.fandom.com/wiki/Averam"
"Darkknell","1201.7","1549.7","188.673","-754.591","M-17","Outer Rim","Grumani","planet","legends","Hydian Way | Triellus Trade Run","https://starwars.fandom.com/wiki/Darkknell"
"Verdanth","1276.6","1532.7","271.015","-735.89","N-17","Outer Rim","Grumani","planet","legends","Triellus Trade Run","https://starwars.fandom.com/wiki/Verdanth"
"Sanrafsix","1233","1539","223.064","-742.873","N-17","Outer Rim","Grumani","planet","legends","Sanrafsix Corridor | Triellus Trade Run","https://starwars.fandom.com/wiki/Sanrafsix"
"Syned","1228.8","1562.3","218.409","-768.478","N-17","Outer Rim","Garis","planet","legends","Sanrafsix Corridor","https://starwars.fandom.com/wiki/Syned"
"Omwat","1237.2","1594.1","227.72","-803.394","N-18","Outer Rim","Garis","planet","legends","Sanrafsix Corridor","https://starwars.fandom.com/wiki/Omwat"
"Bith","1172.8","1660.9","156.9","-876.797","M-18","Outer Rim","Mayagil","planet","legends","Rimma Trade Route","https://starwars.fandom.com/wiki/Bith_(planet)"
"Triton","1175.8","1668.8","160.217","-885.526","M-18","Outer Rim","Mayagil","planet","legends","Rimma Trade Route","https://starwars.fandom.com/wiki/Triton"
"Xagobah","1202.2","1655.7","189.24","-871.103","M-18","Outer Rim","Mayagil","planet","canon","","https://starwars.fandom.com/wiki/Xagobah"
"Kabal","1242.7","1638.1","233.772","-851.811","N-18","Outer Rim","Mayagil","planet","legends","Sanrafsix Corridor","https://starwars.fandom.com/wiki/Kabal"
"Dravian Station","1258.8","1673.5","251.462","-890.684","N-18","Outer Rim","Tamarin","station","legends","Sanrafsix Corridor","https://starwars.fandom.com/wiki/Dravian_Station"
"Kirdo","1272","1718.6","265.894","-940.264","N-19","Outer Rim","Tamarin","planet","canon","Sanrafsix Corridor","https://starwars.fandom.com/wiki/Kirdo"
"Sevarcos","1238.7","1698.1","229.349","-917.685","N-19","Outer Rim","Tamarin","planet","canon","Sanrafsix Corridor","https://starwars.fandom.com/wiki/Sevarcos"
"Shadda-Bi Boran","1324.5","1596.4","323.622","-805.954","O-18","Outer Rim","Toblain","planet","legends","","https://starwars.fandom.com/wiki/Shadda-Bi_Boran"
"Rugosa","1369","1551.9","372.557","-757.029","O-17","Outer Rim","Sanbra","planet","canon","","https://starwars.fandom.com/wiki/Rugosa"
"Sanbra","1325.2","1552.7","324.373","-757.901","O-17","Outer Rim","Sanbra","planet","legends","","https://starwars.fandom.com/wiki/Sanbra"
"Arbra","1284.7","1561.9","279.861","-768.013","N-17","Outer Rim","Bon'nyuw-Luq","planet","legends","","https://starwars.fandom.com/wiki/Arbra"
"Sharlissia","1289.8","1607","285.447","-817.593","N-18","Outer Rim","Bon'nyuw-Luq","planet","legends","","https://starwars.fandom.com/wiki/Sharlissia"
"Svivren","1358.4","1723.2","360.88","-945.283","O-19","Outer Rim","Svivreni","planet","legends","","https://starwars.fandom.com/wiki/Svivren"
"Spice Terminus","1427.9","1672.7","437.229","-889.728","P-18","Outer Rim","Parmic","planet","legends","Llanic Spice Run","https://starwars.fandom.com/wiki/Spice_Terminus"
"Elshandruu Pica","1383.2","1660.4","388.095","-876.266","O-18","Outer Rim","Quence","planet","legends","Llanic Spice Run","https://starwars.fandom.com/wiki/Elshandruu_Pica"
"Suarbi","1381.8","1695.8","386.64","-915.178","O-19","Outer Rim","Quence","planet","legends","Llanic Spice Run","https://starwars.fandom.com/wiki/Suarbi"
"Vohai","1372.7","1637.4","376.573","-850.952","O-18","Outer Rim","Parmel","planet","legends","Llanic Spice Run","https://starwars.fandom.com/wiki/Vohai"
"Skynara","1471.5","1710","485.122","-930.793","P-19","Outer Rim","Skine","planet","legends","Llanic Spice Run","https://starwars.fandom.com/wiki/Skynara"
"Meryx Minor","1363","1734.5","365.885","-957.678","O-19","Outer Rim","Sujimis","planet","legends","","https://starwars.fandom.com/wiki/Meryx_Minor"
"Pantora","1419.4","1714.8","427.86","-936.031","P-19","Outer Rim","Sujimis","planet","canon","","https://starwars.fandom.com/wiki/Pantora"
"Alzoc","1433.8","1721.5","443.747","-943.363","P-19","Outer Rim","Sujimis","planet","legends","","https://starwars.fandom.com/wiki/Alzoc"
"Karazak","1458.1","1744.3","470.458","-968.502","P-19","Outer Rim","Sujimis","planet","legends","","https://starwars.fandom.com/wiki/Karazak"
"Drexel","1511.4","1641","528.98","-854.968","Q-18","Outer Rim","Dail","planet","legends","","https://starwars.fandom.com/wiki/Drexel"
"Nedij","1514.5","1728.6","532.419","-951.204","Q-19","Outer Rim","Merel","planet","legends","","https://starwars.fandom.com/wiki/Nedij"
"Reuss","1453.4","1633.4","465.259","-846.588","P-18","Outer Rim","Cor'ric","planet","legends","Llanic Spice Run","https://starwars.fandom.com/wiki/Reuss"
"Andalasa","1457.4","1618.9","469.623","-830.701","P-18","Outer Rim","Cor'ric","planet","legends","Llanic Spice Run","https://starwars.fandom.com/wiki/Andalasa"
"Zhar","1479.4","1517.1","493.89","-718.796","P-17","Outer Rim","Cadavine","planet","legends","Triellus Trade Run","https://starwars.fandom.com/wiki/Zhar"
"Daan/Melida","1450","1560.9","461.503","-766.976","P-17","Outer Rim","Cadavine","planet","legends","","https://starwars.fandom.com/wiki/Daan"
"Trigalis","1402.7","1540","409.592","-743.928","P-17","Outer Rim","Cadavine","planet","legends","Llanic Spice Run","https://starwars.fandom.com/wiki/Trigalis"
"Vergesso","1427.5","1591.8","436.803","-800.848","P-18","Outer Rim","Bajic","planet","legends","Llanic Spice Run","https://starwars.fandom.com/wiki/Vergesso"
"Bajic","1421.3","1601.5","429.994","-811.497","P-18","Outer Rim","Bajic","planet","legends","Llanic Spice Run","https://starwars.fandom.com/wiki/Bajic"
"Stend","1401.4","1547.6","408.172","-752.315","P-17","Outer Rim","Juris","planet","legends","Llanic Spice Run","https://starwars.fandom.com/wiki/Stend"
"Bahalian","1462.6","1602.4","475.385","-812.545","P-18","Outer Rim","Astal","planet","legends","Llanic Spice Run","https://starwars.fandom.com/wiki/Bahalian"
"Socorro","1498.8","1562.7","515.189","-768.9","Q-17","Outer Rim","Kiblini","planet","canon","Llanic Spice Run","https://starwars.fandom.com/wiki/Socorro"
"Llanic","1510","1496.1","527.425","-695.681","Q-16","Outer Rim","Karthakk","planet","canon","Llanic Spice Run | Triellus Trade Run","https://starwars.fandom.com/wiki/Llanic"
"Lok","1531.6","1519.4","551.168","-721.286","Q-17","Outer Rim","Karthakk","planet","legends","","https://starwars.fandom.com/wiki/Lok"
"Christophsis","1554.9","1478.2","576.833","-676.034","Q-16","Outer Rim","Savareen","planet","canon","Corellian Run","https://starwars.fandom.com/wiki/Christophsis"
"Tythe","1557.4","1499.9","579.566","-699.871","Q-16","Outer Rim","Savareen","planet","legends","Triellus Trade Run","https://starwars.fandom.com/wiki/Tythe"
"Nelvaan","1562.6","1499.1","585.282","-699.026","Q-16","Outer Rim","Savareen","planet","canon","","https://starwars.fandom.com/wiki/Nelvaan"
"Rodia","1573.6","1467.7","597.336","-664.554","Q-16","Outer Rim","Savareen","planet","canon","","https://starwars.fandom.com/wiki/Rodia"
"Orvax","1578","1540.8","602.145","-744.796","R-17","Outer Rim","Savareen","planet","legends","","https://starwars.fandom.com/wiki/Orvax"
"Shimia","1615.4","1551.8","643.346","-756.9","R-17","Outer Rim","Dalchon","planet","legends","","https://starwars.fandom.com/wiki/Shimia"
"Dalchon","1617.4","1538.9","645.441","-742.701","R-17","Outer Rim","Dalchon","planet","legends","","https://starwars.fandom.com/wiki/Dalchon"
"Tatooine","1616.4","1475.7","644.386","-673.274","R-16","Outer Rim","Arkanis","planet","canon","Triellus Trade Route","https://starwars.fandom.com/wiki/Tatooine"
"Geonosis","1616.9","1475.7","644.96","-673.297","R-16","Outer Rim","Arkanis","planet","canon","","https://starwars.fandom.com/wiki/Geonosis"
"Austan","1595.9","1461.8","621.861","-658.048","R-16","Outer Rim","Arkanis","planet","legends","","https://starwars.fandom.com/wiki/Austan"
"Pii","1594.2","1454.3","620.026","-649.81","R-16","Outer Rim","Arkanis","planet","canon","","https://starwars.fandom.com/wiki/Pii_(planet)"
"Utaruun","1602.7","1469.8","629.366","-666.814","R-16","Outer Rim","Arkanis","planet","legends","","https://starwars.fandom.com/wiki/Utaruun"
"Vuzsa","1614.6","1461.3","642.419","-657.457","R-16","Outer Rim","Arkanis","planet","legends","","https://starwars.fandom.com/wiki/Vuzsa"
"Piroket","1631.4","1447.5","660.907","-642.275","R-16","Outer Rim","Arkanis","planet","legends","Triellus Trade Route","https://starwars.fandom.com/wiki/Piroket"
"A-Foroon","1630.6","1453.4","660.017","-648.846","R-16","Outer Rim","Arkanis","planet","legends","Triellus Trade Route","https://starwars.fandom.com/wiki/A-Foroon"
"B-Foroon","1630.2","1455.6","659.514","-651.218","R-16","Outer Rim","Arkanis","planet","legends","Triellus Trade Route","https://starwars.fandom.com/wiki/B-Foroon"
"C-Foroon","1629.6","1457.7","658.905","-653.485","R-16","Outer Rim","Arkanis","planet","legends","Triellus Trade Route","https://starwars.fandom.com/wiki/C-Foroon"
"New Ator","1598.2","1493.1","624.429","-692.396","R-16","Outer Rim","Arkanis","planet","legends","Triellus Trade Route","https://starwars.fandom.com/wiki/New_Ator"
"Kemal Station","1602.6","1485.6","629.235","-684.194","R-16","Outer Rim","Arkanis","station","legends","Triellus Trade Route","https://starwars.fandom.com/wiki/Kemal_Station"
"Obana","1619.9","1488.8","648.241","-687.722","R-16","Outer Rim","Arkanis","planet","legends","","https://starwars.fandom.com/wiki/Obana"
"Andooweel","1609.8","1480.5","637.195","-678.594","R-16","Outer Rim","Arkanis","planet","canon","Triellus Trade Route","https://starwars.fandom.com/wiki/Andooweel"
"Ooo-temiuk","1623.2","1470.2","651.848","-667.27","R-16","Outer Rim","Arkanis","planet","legends","Triellus Trade Route","https://starwars.fandom.com/wiki/Ooo-temiuk"
"Melnea's World","1641.4","1484","671.887","-682.384","R-16","Outer Rim","Arkanis","planet","legends","","https://starwars.fandom.com/wiki/Melnea%27s_World"
"Cranan","1633.3","1485.5","663.001","-684.103","R-16","Outer Rim","Arkanis","planet","legends","","https://starwars.fandom.com/wiki/Cranan"
"Gedi","1627.9","1492.9","657.031","-692.182","R-16","Outer Rim","Arkanis","planet","legends","","https://starwars.fandom.com/wiki/Gedi"
"Vactooine","1636.3","1498.6","666.265","-698.497","R-16","Outer Rim","Arkanis","planet","legends","","https://starwars.fandom.com/wiki/Vactooine"
"Arkanis","1588.8","1508.1","614.052","-708.852","R-17","Outer Rim","Arkanis","planet","canon","Triellus Trade Route | Triellus Trade Run","https://starwars.fandom.com/wiki/Arkanis"
"Gorno","1600.6","1518.8","627.069","-720.659","R-17","Outer Rim","Arkanis","planet","legends","","https://starwars.fandom.com/wiki/Gorno"
"Issor","1596.5","1501","622.577","-701.044","R-17","Outer Rim","Arkanis","planet","legends","Triellus Trade Route","https://starwars.fandom.com/wiki/Issor"
"Huldamun","1598.8","1507.4","625.099","-708.077","R-17","Outer Rim","Arkanis","planet","legends","","https://starwars.fandom.com/wiki/Huldamun"
"Najiba","1601.9","1504.3","628.512","-704.77","R-17","Outer Rim","Arkanis","planet","legends","","https://starwars.fandom.com/wiki/Najiba"
"Tarnoonga","1641","1503.9","671.477","-704.26","R-17","Outer Rim","Arkanis","planet","legends","","https://starwars.fandom.com/wiki/Tarnoonga"
"Cirus","1643.3","1511.7","673.958","-712.9","R-17","Outer Rim","Arkanis","planet","legends","","https://starwars.fandom.com/wiki/Cirus"
"Khubeaie","1627.6","1514.1","656.738","-715.451","R-17","Outer Rim","Arkanis","planet","legends","","https://starwars.fandom.com/wiki/Khubeaie"
"Heffrin","1617.8","1516.9","645.987","-718.626","R-17","Outer Rim","Arkanis","planet","legends","","https://starwars.fandom.com/wiki/Heffrin"
"Vor Deo","1621.6","1502.1","650.094","-702.312","R-17","Outer Rim","Arkanis","planet","legends","","https://starwars.fandom.com/wiki/Vor_Deo"
"Sirpar","1596.7","1515.2","622.786","-716.713","R-17","Outer Rim","Arkanis","planet","canon","","https://starwars.fandom.com/wiki/Sirpar"
"Vasch","1606.2","1514.5","633.241","-715.906","R-17","Outer Rim","Arkanis","planet","legends","","https://starwars.fandom.com/wiki/Vasch"
"Mika","1613.6","1513.9","641.285","-715.267","R-17","Outer Rim","Arkanis","planet","legends","","https://starwars.fandom.com/wiki/Mika_(asteroid)"
"Siskeen","1663","1502.5","695.591","-702.744","R-17","Outer Rim","Hunnovers","planet","legends","","https://starwars.fandom.com/wiki/Siskeen"
"Ryloth","1640.9","1556.4","671.278","-762.021","R-17","Outer Rim","Gaulus","planet","canon","Corellian Run","https://starwars.fandom.com/wiki/Ryloth"
"Wrea","1676.2","1584.8","710.151","-793.213","S-17","Outer Rim","Gaulus","planet","canon","","https://starwars.fandom.com/wiki/Wrea"
"Gaulus","1701.4","1568.7","737.851","-775.522","S-17","Outer Rim","Gaulus","planet","legends","","https://starwars.fandom.com/wiki/Gaulus"
"Smuggler's Run","1693.8","1592.7","729.418","-801.85","S-18","Outer Rim","Gaulus","misc","canon","Corellian Run","https://starwars.fandom.com/wiki/Smuggler%27s_Run"
"Hypori","1689.3","1450.1","724.532","-645.211","S-16","Outer Rim","Ferra","planet","canon","","https://starwars.fandom.com/wiki/Hypori"
"Kowak","1750.6","1410.9","791.881","-602.07","S-16","Outer Rim","Svetta","planet","canon","","https://starwars.fandom.com/wiki/Kowak"
"Excarga","1782.2","1463.7","826.642","-660.108","T-16","Outer Rim","Svetta","planet","legends","","https://starwars.fandom.com/wiki/Excarga"
"Pzob","1824","1395.9","872.575","-585.621","T-15","Outer Rim","Herios","planet","legends","","https://starwars.fandom.com/wiki/Pzob"
"Illarreen","1835.1","1421.1","884.68","-613.243","T-16","Outer Rim","Herios","planet","legends","","https://starwars.fandom.com/wiki/Illarreen"
"Rannon","1773.5","1511.9","817.032","-713.029","T-17","Outer Rim","Instrop","planet","legends","","https://starwars.fandom.com/wiki/Rannon"
"Shinbone","1791","1532.7","836.236","-735.898","T-17","Outer Rim","Instrop","planet","legends","","https://starwars.fandom.com/wiki/Shinbone"
"Lo'Uran","1654.7","296.8","686.449","622.162","R-3","Outer Rim","Corporate Sector","planet","legends","","https://starwars.fandom.com/wiki/Lo'Uran"
"Ninn","1665.8","299.6","698.63","619.119","R-3","Outer Rim","Corporate Sector","planet","legends","","https://starwars.fandom.com/wiki/Ninn"
"Reltooine","1649.6","305.7","680.837","612.395","R-3","Outer Rim","Corporate Sector","planet","legends","Hydian Way","https://starwars.fandom.com/wiki/Reltooine"
"Mall'ordian","1661.3","307","693.696","610.988","R-3","Outer Rim","Corporate Sector","planet","legends","Hydian Way","https://starwars.fandom.com/wiki/Mall'ordian"
"Knolstee","1649.1","312.3","680.383","605.143","R-3","Outer Rim","Corporate Sector","planet","legends","","https://starwars.fandom.com/wiki/Knolstee"
"Kail","1649.9","316.5","681.203","600.513","R-3","Outer Rim","Corporate Sector","planet","legends","","https://starwars.fandom.com/wiki/Kail"
"Davirien","1652.8","316.4","684.396","600.698","R-3","Outer Rim","Corporate Sector","planet","legends","","https://starwars.fandom.com/wiki/Davirien"
"Drog","1660.9","317.5","693.288","599.428","R-4","Outer Rim","Corporate Sector","planet","legends","","https://starwars.fandom.com/wiki/Drog"
"Craci","1662.6","327.9","695.193","587.981","R-4","Outer Rim","Corporate Sector","planet","legends","","https://starwars.fandom.com/wiki/Craci"
"Bonadan","1703.2","315.4","739.782","601.747","S-3","Outer Rim","Corporate Sector","planet","canon","Hydian Way","https://starwars.fandom.com/wiki/Bonadan"
"Lythos","1679","309.9","713.223","607.801","S-3","Outer Rim","Corporate Sector","planet","legends","Hydian Way","https://starwars.fandom.com/wiki/Lythos"
"D'ian","1697","313.5","732.969","603.85","S-3","Outer Rim","Corporate Sector","planet","legends","Hydian Way | Shaltin Tunnels","https://starwars.fandom.com/wiki/D'ian"
"Atchorb","1698","306.6","734.09","611.382","S-3","Outer Rim","Corporate Sector","planet","legends","Shaltin Tunnels","https://starwars.fandom.com/wiki/Atchorb"
"Tothis","1704.9","310.7","741.63","606.937","S-3","Outer Rim","Corporate Sector","planet","legends","","https://starwars.fandom.com/wiki/Tothis"
"R'alla","1709.2","315.5","746.34","601.672","S-3","Outer Rim","Corporate Sector","planet","legends","","https://starwars.fandom.com/wiki/R'alla"
"Kir","1711.2","314.2","748.606","603.083","S-3","Outer Rim","Corporate Sector","planet","legends","","https://starwars.fandom.com/wiki/Kir"
"Deltooine","1715.2","315.1","752.928","602.113","S-3","Outer Rim","Corporate Sector","planet","legends","","https://starwars.fandom.com/wiki/Deltooine"
"Fether","1718.1","314.5","756.112","602.721","S-3","Outer Rim","Corporate Sector","planet","legends","","https://starwars.fandom.com/wiki/Fether"
"Ocsin","1719.5","314.1","757.726","603.189","S-3","Outer Rim","Corporate Sector","planet","legends","","https://starwars.fandom.com/wiki/Ocsin"
"Kamar","1721.3","313.6","759.622","603.735","S-3","Outer Rim","Corporate Sector","planet","legends","","https://starwars.fandom.com/wiki/Kamar"
"Brosi","1709.5","298.9","746.691","619.87","S-3","Outer Rim","Corporate Sector","planet","legends","","https://starwars.fandom.com/wiki/Brosi"
"Abo Dreth","1703.2","296.8","739.794","622.145","S-3","Outer Rim","Corporate Sector","planet","legends","","https://starwars.fandom.com/wiki/Abo_Dreth"
"Ulicia","1700.6","295.9","736.884","623.186","S-3","Outer Rim","Corporate Sector","planet","legends","Shaltin Tunnels","https://starwars.fandom.com/wiki/Ulicia"
"Perin","1686.9","288","721.847","631.909","S-3","Outer Rim","Corporate Sector","planet","legends","","https://starwars.fandom.com/wiki/Perin"
"Fibuli","1677.2","287.9","711.193","631.953","S-3","Outer Rim","Corporate Sector","planet","legends","","https://starwars.fandom.com/wiki/Fibuli"
"Hiit","1678.4","293.7","712.531","625.55","S-3","Outer Rim","Corporate Sector","planet","legends","","https://starwars.fandom.com/wiki/Hiit"
"Etti","1694.5","318.7","730.248","598.133","S-4","Outer Rim","Corporate Sector","planet","legends","Shaltin Tunnels","https://starwars.fandom.com/wiki/Etti"
"Jerrist","1679.2","330.7","713.374","584.934","S-4","Outer Rim","Corporate Sector","planet","legends","","https://starwars.fandom.com/wiki/Jerrist"
"Saclas","1684","335.6","718.666","579.576","S-4","Outer Rim","Corporate Sector","planet","legends","","https://starwars.fandom.com/wiki/Saclas"
"Duroon","1686.6","334.2","721.521","581.122","S-4","Outer Rim","Corporate Sector","planet","legends","","https://starwars.fandom.com/wiki/Duroon"
"Ammuud","1695.9","337.8","731.778","577.193","S-4","Outer Rim","Corporate Sector","planet","legends","","https://starwars.fandom.com/wiki/Ammuud"
"Biewa","1693","329.4","728.537","586.387","S-4","Outer Rim","Corporate Sector","planet","legends","","https://starwars.fandom.com/wiki/Biewa"
"Urdur","1699.1","335.1","735.28","580.13","S-4","Outer Rim","Corporate Sector","planet","legends","","https://starwars.fandom.com/wiki/Urdur"
"Oslumpex","1702.5","334.2","739.01","581.047","S-4","Outer Rim","Corporate Sector","planet","legends","Shaltin Tunnels","https://starwars.fandom.com/wiki/Oslumpex"
"Matra","1708","336","745.034","579.08","S-4","Outer Rim","Corporate Sector","planet","legends","","https://starwars.fandom.com/wiki/Matra"
"Orron","1710.2","338.6","747.51","576.267","S-4","Outer Rim","Corporate Sector","planet","legends","","https://starwars.fandom.com/wiki/Orron"
"Joodrudda","1718.4","332.7","756.471","582.758","S-4","Outer Rim","Corporate Sector","planet","legends","","https://starwars.fandom.com/wiki/Joodrudda"
"Gaurick","1716.6","330.9","754.548","584.716","S-4","Outer Rim","Corporate Sector","planet","legends","","https://starwars.fandom.com/wiki/Gaurick"
"Ban-Satir","1713.8","326.5","751.426","589.526","S-4","Outer Rim","Corporate Sector","planet","legends","","https://starwars.fandom.com/wiki/Ban-Satir"
"Pondut Station","1700","328.1","736.222","587.798","S-4","Outer Rim","Corporate Sector","station","legends","Shaltin Tunnels","https://starwars.fandom.com/wiki/Pondut_Station"
"Kalla","1698","326.5","734.034","589.526","S-4","Outer Rim","Corporate Sector","planet","legends","Shaltin Tunnels","https://starwars.fandom.com/wiki/Kalla"
"Issagra","1710.3","321.2","747.616","595.418","S-4","Outer Rim","Corporate Sector","planet","legends","","https://starwars.fandom.com/wiki/Issagra"
"Saffalore","1700.3","322","736.574","594.465","S-4","Outer Rim","Corporate Sector","planet","legends","","https://starwars.fandom.com/wiki/Saffalore"
"Erysthes","1707.6","317.9","744.609","599.051","S-4","Outer Rim","Corporate Sector","planet","legends","","https://starwars.fandom.com/wiki/Erysthes"
"Rampa","1710.3","317.7","747.555","599.236","S-4","Outer Rim","Corporate Sector","planet","legends","","https://starwars.fandom.com/wiki/Rampa"
"Media","1687.5","325.3","722.498","590.867","S-4","Outer Rim","Corporate Sector","planet","legends","","https://starwars.fandom.com/wiki/Media"
"Ession","1694.3","323.3","730.013","593.089","S-4","Outer Rim","Corporate Sector","planet","legends","Shaltin Tunnels","https://starwars.fandom.com/wiki/Ession"
"Maryo","1679.4","319.9","713.655","596.803","S-4","Outer Rim","Corporate Sector","planet","legends","","https://starwars.fandom.com/wiki/Maryo"
"Tirsa","1681.3","322.1","715.666","594.396","S-4","Outer Rim","Corporate Sector","planet","legends","","https://starwars.fandom.com/wiki/Tirsa"
"Cadomai","1638","305.3","668.17","612.862","R-3","Outer Rim","Aparo","planet","legends","Hydian Way","https://starwars.fandom.com/wiki/Cadomai"
"Lur","1641.3","320.8","671.775","595.847","R-4","Outer Rim","Aparo","planet","legends","","https://starwars.fandom.com/wiki/Lur"
"Kushibah","1472.3","442.3","486.027","462.297","P-5","Outer Rim","Gordian Reach","planet","legends","","https://starwars.fandom.com/wiki/Kushibah"
"Feswe Prime","1404.5","483.5","411.585","417.05","P-5","Outer Rim","Gordian Reach","planet","legends","","https://starwars.fandom.com/wiki/Feswe_Prime"
"Feswe Minor","1400.3","492.8","406.91","406.819","P-5","Outer Rim","Gordian Reach","planet","legends","","https://starwars.fandom.com/wiki/Feswe_Minor"
"Krylon","1431.7","497.5","441.394","401.616","P-5","Outer Rim","Gordian Reach","planet","legends","","https://starwars.fandom.com/wiki/Krylon"
"Ladarra","1442.7","486.1","453.565","414.227","P-5","Outer Rim","Gordian Reach","planet","legends","","https://starwars.fandom.com/wiki/Ladarra"
"Marrovia","1451.8","477.1","463.531","424.017","P-5","Outer Rim","Gordian Reach","planet","legends","","https://starwars.fandom.com/wiki/Marrovia"
"Kli'aar","1463.1","470.9","475.967","430.896","P-5","Outer Rim","Gordian Reach","planet","legends","","https://starwars.fandom.com/wiki/Kli%27aar"
"Mogoshyn","1470.2","451","483.704","452.774","P-5","Outer Rim","Gordian Reach","planet","legends","","https://starwars.fandom.com/wiki/Mogoshyn"
"Betshish","1471.5","461.9","485.204","440.78","P-5","Outer Rim","Gordian Reach","planet","legends","","https://starwars.fandom.com/wiki/Betshish"
"Vaal","1473.5","499","487.408","400.034","P-5","Outer Rim","Gordian Reach","planet","legends","","https://starwars.fandom.com/wiki/Vaal"
"Glade","1477.3","486.8","491.554","413.44","P-5","Outer Rim","Gordian Reach","planet","legends","","https://starwars.fandom.com/wiki/Glade"
"Feswe Corridor","1419.9","488.1","428.43","412.023","P-5","Outer Rim","Gordian Reach","planet","legends","","https://starwars.fandom.com/wiki/Feswe_Corridor"
"Torque","1449.8","516.3","461.36","381.023","P-6","Outer Rim","Gordian Reach","planet","legends","","https://starwars.fandom.com/wiki/Torque"
"Yavin","1447.1","500.2","458.395","398.671","P-6","Outer Rim","Gordian Reach","planet","canon","","https://starwars.fandom.com/wiki/Yavin"
"Tertiary Feswe","1398.4","504.6","404.845","393.836","P-6","Outer Rim","Gordian Reach","planet","legends","","https://starwars.fandom.com/wiki/Tertiary_Feswe"
"Selitan","1409.5","509.9","417.051","388.051","P-6","Outer Rim","Gordian Reach","planet","legends","","https://starwars.fandom.com/wiki/Selitan"
"Denarii Station","1414.6","519.2","422.625","377.82","P-6","Outer Rim","Gordian Reach","station","legends","","https://starwars.fandom.com/wiki/Denarii_Station"
"Presbalin","1409.8","528.7","417.386","367.407","P-6","Outer Rim","Gordian Reach","planet","legends","","https://starwars.fandom.com/wiki/Presbalin"
"Far Indosa","1423.2","537.9","432.069","357.3","P-6","Outer Rim","Gordian Reach","planet","legends","","https://starwars.fandom.com/wiki/Far_Indosa"
"Near Indosa","1432.6","527.8","442.441","368.307","P-6","Outer Rim","Gordian Reach","planet","legends","","https://starwars.fandom.com/wiki/Near_Indosa"
"Trinovat","1444.5","529.8","455.458","366.19","P-6","Outer Rim","Gordian Reach","planet","legends","","https://starwars.fandom.com/wiki/Trinovat"
"Durgen's Star","1459.3","536.6","471.757","358.676","P-6","Outer Rim","Gordian Reach","planet","legends","","https://starwars.fandom.com/wiki/Durgen%27s_Star"
"Jovan","1468","517.9","481.282","379.208","P-6","Outer Rim","Gordian Reach","planet","legends","","https://starwars.fandom.com/wiki/Jovan"
"Xochtl","1473.5","533","487.314","362.592","P-6","Outer Rim","Gordian Reach","planet","legends","","https://starwars.fandom.com/wiki/Xochtl"
"Povanaria","1478.3","540.4","492.606","354.548","P-6","Outer Rim","Gordian Reach","planet","legends","","https://starwars.fandom.com/wiki/Povanaria"
"Bronsoon","1482.5","530.8","497.262","365.026","P-6","Outer Rim","Gordian Reach","planet","legends","","https://starwars.fandom.com/wiki/Bronsoon"
"Feena","1530.3","492.4","549.753","407.225","Q-5","Outer Rim","Gordian Reach","planet","legends","","https://starwars.fandom.com/wiki/Feena"
"Troos","1517.7","444.2","535.889","460.213","Q-5","Outer Rim","Gordian Reach","planet","legends","","https://starwars.fandom.com/wiki/Troos"
"Mannova","1487.1","454.4","502.313","448.982","Q-5","Outer Rim","Gordian Reach","planet","legends","","https://starwars.fandom.com/wiki/Mannova"
"Wetyin's Colony","1497.6","471.8","513.867","429.932","Q-5","Outer Rim","Gordian Reach","planet","legends","","https://starwars.fandom.com/wiki/Wetyin%27s_Colony"
"Atorra","1521.3","452.8","539.924","450.722","Q-5","Outer Rim","Gordian Reach","planet","legends","","https://starwars.fandom.com/wiki/Atorra"
"Elamposnia","1527.7","452.5","546.909","451.074","Q-5","Outer Rim","Gordian Reach","planet","legends","","https://starwars.fandom.com/wiki/Elamposnia"
"Chenowei","1525.2","463.1","544.157","439.433","Q-5","Outer Rim","Gordian Reach","planet","legends","","https://starwars.fandom.com/wiki/Chenowei"
"B'trilla","1528.1","475.2","547.332","426.168","Q-5","Outer Rim","Gordian Reach","planet","legends","","https://starwars.fandom.com/wiki/B%27trilla"
"Arda","1536.4","515.2","556.434","382.187","Q-6","Outer Rim","Gordian Reach","planet","legends","","https://starwars.fandom.com/wiki/Arda"
"Vallusk Cluster","1486.2","514.4","501.355","383.106","Q-6","Outer Rim","Gordian Reach","misc","legends","","https://starwars.fandom.com/wiki/Vallusk_Cluster"
"Gulvitch","1489.8","527.1","505.235","369.083","Q-6","Outer Rim","Gordian Reach","planet","legends","","https://starwars.fandom.com/wiki/Gulvitch"
"Arkuda","1492.7","523.9","508.498","372.611","Q-6","Outer Rim","Gordian Reach","planet","legends","","https://starwars.fandom.com/wiki/Arkuda"
"Korphir","1505.6","528.6","522.61","367.495","Q-6","Outer Rim","Gordian Reach","planet","legends","","https://starwars.fandom.com/wiki/Korphir"
"Tenara","1509.3","533.6","526.667","361.939","Q-6","Outer Rim","Gordian Reach","planet","legends","","https://starwars.fandom.com/wiki/Tenara"
"The Cometwash","1510.2","519.3","527.725","377.638","Q-6","Outer Rim","Gordian Reach","planet","legends","","https://starwars.fandom.com/wiki/The_Cometwash"
"Usta","1513.7","506.1","531.517","392.19","Q-6","Outer Rim","Gordian Reach","planet","legends","","https://starwars.fandom.com/wiki/Usta"
"Barison","1520.3","500.1","538.749","398.804","Q-6","Outer Rim","Gordian Reach","planet","legends","","https://starwars.fandom.com/wiki/Barison"
"Little Capella","1539.4","533.6","559.828","361.939","Q-6","Outer Rim","Gordian Reach","planet","legends","","https://starwars.fandom.com/wiki/Little_Capella"
"Capella","1535.4","524.5","555.33","371.993","Q-6","Outer Rim","Gordian Reach","planet","legends","","https://starwars.fandom.com/wiki/Capella"
"Kalishik","1530.5","505.8","550.038","392.543","Q-6","Outer Rim","Gordian Reach","planet","legends","","https://starwars.fandom.com/wiki/Kalishik"
"Feldwes","1555.7","514.5","577.643","383.018","Q-6","Outer Rim","Gordian Reach","planet","legends","","https://starwars.fandom.com/wiki/Feldwes"
"Pygorix","1563.2","512.4","585.933","385.222","Q-6","Outer Rim","Gordian Reach","planet","legends","","https://starwars.fandom.com/wiki/Pygorix"
"Karsten's World","1565.8","518.5","588.756","378.52","Q-6","Outer Rim","Gordian Reach","planet","legends","","https://starwars.fandom.com/wiki/Karsten%27s_World"
"Spintir","1571.7","509.5","595.282","388.486","Q-6","Outer Rim","Gordian Reach","planet","legends","","https://starwars.fandom.com/wiki/Spintir"
"Sorrus","1386.4","481.9","391.597","418.772","O-5","Outer Rim","Kalamith","planet","legends","Hydian Way","https://starwars.fandom.com/wiki/Sorrus"
"Hynah","1391.1","475.5","396.768","425.869","O-5","Outer Rim","Kalamith","planet","legends","Hydian Way","https://starwars.fandom.com/wiki/Hynah"
"Simpla","1395.7","469.4","401.885","432.502","P-5","Outer Rim","Kalamith","planet","legends","Hydian Way","https://starwars.fandom.com/wiki/Simpla"
"Toprawa","1402.4","459.6","409.209","443.249","P-5","Outer Rim","Kalamith","planet","legends","Hydian Way","https://starwars.fandom.com/wiki/Toprawa"
"Pho Ph'eah","1422","430.5","430.753","475.322","P-5","Outer Rim","Kalamith","planet","legends","Hydian Way","https://starwars.fandom.com/wiki/Pho_Ph%27eah"
"Tandun","1423.9","450.7","432.857","453.068","P-5","Outer Rim","Kalamith","planet","legends","","https://starwars.fandom.com/wiki/Tandun"
"Thesme","1363.1","492.4","366.06","407.23","O-5","Outer Rim","Thesme","planet","legends","","https://starwars.fandom.com/wiki/Thesme"
"Junction","1379","493.2","383.513","406.384","O-5","Outer Rim","Thesme","planet","legends","Hydian Way","https://starwars.fandom.com/wiki/Junction"
"Hijado","1355.5","526.5","357.642","369.746","O-6","Outer Rim","Thesme","planet","legends","Hydian Way","https://starwars.fandom.com/wiki/Hijado"
"Axxila","1314.8","485","313.01","415.331","O-5","Outer Rim","D'Astan","planet","canon","","https://starwars.fandom.com/wiki/Axxila"
"Nez Peron","1344.3","486","345.385","414.248","O-5","Outer Rim","D'Astan","planet","legends","","https://starwars.fandom.com/wiki/Nez_Peron"
"Ord Cestus","1329.4","507.5","329.052","390.712","O-6","Outer Rim","D'Astan","planet","canon","","https://starwars.fandom.com/wiki/Ord_Cestus"
"Celanon","1365.9","509","369.078","388.965","O-6","Outer Rim","D'Astan","planet","canon","Hydian Way","https://starwars.fandom.com/wiki/Celanon"
"Serenno","1401.8","441.7","408.588","463.003","P-5","Outer Rim","D'Astan","planet","canon","","https://starwars.fandom.com/wiki/Serenno"
"Maridun","1496.6","539.1","512.719","355.977","Q-6","Outer Rim","Rolion","planet","canon","","https://starwars.fandom.com/wiki/Maridun"
"Indu San","1522.4","609.5","541.139","278.517","Q-7","Outer Rim","Rolion","planet","legends","","https://starwars.fandom.com/wiki/Indu_San"
"Soullex","1399.5","272","405.998","649.432","P-3","Outer Rim","Corva","planet","legends","","https://starwars.fandom.com/wiki/Soullex"
"Eol Sha","1404.1","310.3","411.08","607.359","P-3","Outer Rim","Corva","planet","legends","","https://starwars.fandom.com/wiki/Eol_Sha"
"Ventooine","1462.4","297.3","475.192","621.642","P-3","Outer Rim","Corva","planet","legends","","https://starwars.fandom.com/wiki/Ventooine"
"Betha","1416.7","338","424.894","576.939","P-4","Outer Rim","Corva","planet","legends","","https://starwars.fandom.com/wiki/Betha"
"Bosph","1502.7","271.7","519.488","649.79","Q-3","Outer Rim","Bosph","planet","legends","","https://starwars.fandom.com/wiki/Bosph"
"Belkadan","1086.5","126.5","62.096","809.383","L-1","Outer Rim","Dalonbian","planet","canon","","https://starwars.fandom.com/wiki/Belkadan"
"Helska","1075.7","197.6","50.236","731.167","L-2","Outer Rim","Dalonbian","planet","legends","","https://starwars.fandom.com/wiki/Helska"
"Sernpidal","1094","232.3","70.355","693.099","L-3","Outer Rim","Dalonbian","planet","legends","Veragi Trade Route","https://starwars.fandom.com/wiki/Sernpidal"
"Seline","1134.7","248.9","115.042","674.833","M-3","Outer Rim","Dalonbian","planet","legends","Veragi Trade Route","https://starwars.fandom.com/wiki/Seline"
"Birgis","1196.1","271.5","182.538","649.997","M-3","Outer Rim","Dalonbian","planet","legends","Veragi Trade Route","https://starwars.fandom.com/wiki/Birgis"
"Xo","1218.1","202.8","206.668","725.52","N-2","Outer Rim","Spinward","planet","legends","","https://starwars.fandom.com/wiki/Xo"
"Bextar","926.6","394.5","-113.612","514.828","J-4","Outer Rim","Velcar","planet","legends","","https://starwars.fandom.com/wiki/Bextar"
"Ryloon","909.8","415.1","-132.095","492.244","J-5","Outer Rim","Velcar","planet","legends","","https://starwars.fandom.com/wiki/Ryloon"
"Endex","928.4","409.4","-111.633","498.418","J-5","Outer Rim","Velcar","planet","legends","","https://starwars.fandom.com/wiki/Endex"
"Churruma","918.9","417.9","-122.12","489.113","J-5","Outer Rim","Velcar","planet","legends","","https://starwars.fandom.com/wiki/Churruma"
"Entralla","946.3","389","-92.007","520.908","K-4","Outer Rim","Velcar","planet","canon","Entralla Route","https://starwars.fandom.com/wiki/Entralla"
"Capza","945.1","395.2","-93.289","514.028","K-4","Outer Rim","Velcar","planet","legends","Entralla Route","https://starwars.fandom.com/wiki/Capza"
"Taspir III","905.2","318","-137.177","598.904","J-4","Outer Rim","Dynali","planet","legends","","https://starwars.fandom.com/wiki/Taspir_III"
"Ord Thoden","900","329.8","-142.881","585.91","J-4","Outer Rim","Dynali","planet","legends","","https://starwars.fandom.com/wiki/Ord_Thoden"
"Vexta","901","338.4","-141.778","576.429","J-4","Outer Rim","Carrion","planet","legends","","https://starwars.fandom.com/wiki/Vexta"
"Delephr","909.4","347","-132.521","567.039","J-4","Outer Rim","Carrion","planet","legends","","https://starwars.fandom.com/wiki/Delephr"
"Gelda","918","357.5","-123.066","555.468","J-4","Outer Rim","Carrion","planet","legends","","https://starwars.fandom.com/wiki/Gelda"
"Valc","885.2","392.6","-159.141","516.92","J-4","Outer Rim","Perinn","planet","legends","","https://starwars.fandom.com/wiki/Valc"
"Brodo Asogi","871.5","383.8","-174.149","526.54","J-4","Outer Rim","Perinn","planet","legends","","https://starwars.fandom.com/wiki/Brodo_Asogi"
"Cantras Gola","890","402.6","-153.829","505.938","J-4","Outer Rim","Perinn","planet","legends","","https://starwars.fandom.com/wiki/Cantras_Gola"
"Dactruria","915.8","376.5","-125.465","534.583","J-4","Outer Rim","Clacis","planet","legends","","https://starwars.fandom.com/wiki/Dactruria"
"Bisellia","951","368.1","-86.801","543.897","K-4","Outer Rim","Clacis","planet","legends","","https://starwars.fandom.com/wiki/Bisellia"
"Endoraan","948.7","375.4","-89.341","535.853","K-4","Outer Rim","Clacis","planet","legends","Entralla Route","https://starwars.fandom.com/wiki/Endoraan"
"Cezith","961.2","380.1","-75.604","530.713","K-4","Outer Rim","Clacis","planet","legends","","https://starwars.fandom.com/wiki/Cezith"
"Ord Sedra","957.2","373.4","-79.978","538.051","K-4","Outer Rim","Clacis","planet","legends","","https://starwars.fandom.com/wiki/Ord_Sedra"
"Venestria","979.1","369.1","-55.989","542.708","K-4","Outer Rim","Clacis","planet","legends","","https://starwars.fandom.com/wiki/Venestria"
"Kwevron","998.6","374.3","-34.54","537.063","K-4","Outer Rim","Clacis","planet","legends","","https://starwars.fandom.com/wiki/Kwevron"
"Fodro","1014.2","385.6","-17.325","524.646","K-4","Outer Rim","Clacis","planet","legends","","https://starwars.fandom.com/wiki/Fodro"
"Gwori","1025.8","388.9","-4.625","520.977","K-4","Outer Rim","Clacis","planet","legends","","https://starwars.fandom.com/wiki/Gwori"
"Dolis","927.3","302.7","-112.895","615.675","J-3","Outer Rim","Obtrexta","planet","legends","","https://starwars.fandom.com/wiki/Dolis"
"Bescane","949.8","309","-88.161","608.76","K-3","Outer Rim","Obtrexta","planet","legends","","https://starwars.fandom.com/wiki/Bescane"
"Varvrona","940.1","317","-98.783","600.021","K-3","Outer Rim","Obtrexta","planet","legends","","https://starwars.fandom.com/wiki/Varvrona"
"Muunilinst","956.7","362.2","-80.501","550.31","K-4","Outer Rim","Obtrexta","planet","canon","","https://starwars.fandom.com/wiki/Muunilinst"
"Jaemus","951.7","328.1","-86.043","587.795","K-4","Outer Rim","Obtrexta","planet","canon","","https://starwars.fandom.com/wiki/Jaemus"
"Rimcee Station","923.7","279.7","-116.863","641.031","J-3","Outer Rim","Braxant","station","legends","","https://starwars.fandom.com/wiki/Rimcee_Station"
"Bastion","948.7","274.5","-89.29","646.65","K-3","Outer Rim","Braxant","planet","legends","","https://starwars.fandom.com/wiki/Bastion"
"Anorelga","954.4","251.4","-83.129","672.12","K-3","Outer Rim","Braxant","planet","legends","","https://starwars.fandom.com/wiki/Anorelga"
"Bnar","977.6","289.1","-57.552","630.668","K-3","Outer Rim","Braxant","planet","legends","","https://starwars.fandom.com/wiki/Bnar"
"Dubrillion","999.8","294.8","-33.24","624.432","K-3","Outer Rim","Myto","planet","legends","Veragi Trade Route","https://starwars.fandom.com/wiki/Dubrillion"
"Criton's Point","991.7","272","-42.118","649.41","K-3","Outer Rim","Myto","planet","legends","","https://starwars.fandom.com/wiki/Criton's_Point"
"Ahakista","1002.2","303.3","-30.549","615.041","K-3","Outer Rim","Myto","planet","canon","Veragi Trade Route","https://starwars.fandom.com/wiki/Ahakista"
"Gabredor","989.4","345","-44.585","569.21","K-4","Outer Rim","Myto","planet","legends","","https://starwars.fandom.com/wiki/Gabredor"
"Angor","1012.7","351.1","-19.009","562.508","K-4","Outer Rim","Myto","planet","legends","","https://starwars.fandom.com/wiki/Angor"
"Cirrus","916.7","545.3","-124.55","349.122","J-6","Outer Rim","Dantus","planet","legends","","https://starwars.fandom.com/wiki/Cirrus"
"Troska","895.6","524.2","-147.704","372.277","J-6","Outer Rim","Dantus","planet","legends","","https://starwars.fandom.com/wiki/Troska"
"Comra","912","491.2","-129.709","408.604","J-5","Outer Rim","Prefsbelt","planet","canon","","https://starwars.fandom.com/wiki/Comra"
"Borosk","944.2","447.6","-94.266","456.458","K-5","Outer Rim","Prefsbelt","planet","legends","Entralla Route","https://starwars.fandom.com/wiki/Borosk"
"Yaga Minor","942.6","426.6","-96.066","479.613","K-5","Outer Rim","Prefsbelt","planet","canon","Entralla Route","https://starwars.fandom.com/wiki/Yaga_Minor"
"Ompersan","942","430.7","-96.72","475.037","K-5","Outer Rim","Prefsbelt","planet","legends","Entralla Route","https://starwars.fandom.com/wiki/Ompersan"
"Prefsbelt","943.8","439.8","-94.709","465.089","K-5","Outer Rim","Prefsbelt","planet","canon","Entralla Route","https://starwars.fandom.com/wiki/Prefsbelt"
"Wistril","986","515","-48.311","382.442","K-6","Outer Rim","Fath","planet","legends","Entralla Route","https://starwars.fandom.com/wiki/Wistril"
"JanFathal","980.6","508.8","-54.24","389.219","K-6","Outer Rim","Fath","planet","legends","Entralla Route","https://starwars.fandom.com/wiki/JanFathal"
"Ord Cantrell","1016.2","521.9","-15.211","374.818","K-6","Outer Rim","Fath","planet","legends","","https://starwars.fandom.com/wiki/Ord_Cantrell"
"Equanus","1020.3","283.2","-10.615","637.137","K-3","Outer Rim","Veragi","planet","legends","","https://starwars.fandom.com/wiki/Equanus"
"Revyia","1049.8","173","21.717","758.274","L-2","Outer Rim","Veragi","planet","legends","","https://starwars.fandom.com/wiki/Revyia"
"Plooma","1068.1","267.4","41.9","654.503","L-3","Outer Rim","Veragi","planet","legends","","https://starwars.fandom.com/wiki/Plooma"
"Trassitan","1050.9","260.5","22.956","662.108","L-3","Outer Rim","Veragi","planet","legends","Veragi Trade Route","https://starwars.fandom.com/wiki/Trassitan"
"Veragi","1065.7","250.3","39.272","673.265","L-3","Outer Rim","Veragi","planet","legends","Veragi Trade Route","https://starwars.fandom.com/wiki/Veragi"
"Plesstil","1065.4","239.7","38.919","684.906","L-3","Outer Rim","Veragi","planet","legends","","https://starwars.fandom.com/wiki/Plesstil"
"Dantooine","1030.9","354.7","0.98","558.551","L-4","Outer Rim","Raioballo","planet","canon","Veragi Trade Route","https://starwars.fandom.com/wiki/Dantooine"
"Gravlex Med","1092","352.3","68.077","561.19","L-4","Outer Rim","Raioballo","planet","legends","","https://starwars.fandom.com/wiki/Gravlex_Med"
"Anx Minor","1056.1","370.5","28.69","541.204","L-4","Outer Rim","Raioballo","planet","legends","Veragi Trade Route","https://starwars.fandom.com/wiki/Anx_Minor"
"Sinsang","1047.4","365.2","19.091","546.985","L-4","Outer Rim","Raioballo","planet","legends","Veragi Trade Route","https://starwars.fandom.com/wiki/Sinsang"
"Kesmere","1055.9","355.3","28.44","557.921","L-4","Outer Rim","Raioballo","planet","legends","","https://starwars.fandom.com/wiki/Kesmere"
"Kesmere Minor","1052.3","342.4","24.559","572.033","L-4","Outer Rim","Raioballo","planet","legends","","https://starwars.fandom.com/wiki/Kesmere_Minor"
"Tertiary Kesmere","1048.8","328.8","20.679","587.026","L-4","Outer Rim","Raioballo","planet","legends","","https://starwars.fandom.com/wiki/Tertiary_Kesmere"
"Shusugaunt","1069.8","332.7","43.786","582.792","L-4","Outer Rim","Raioballo","planet","legends","","https://starwars.fandom.com/wiki/Shusugaunt"
"Ibanjji","1297.1","332.9","293.474","582.581","N-4","Outer Rim","Mieru'kar","planet","legends","","https://starwars.fandom.com/wiki/Ibanjji"
"Maltha Obex","1350.4","305.7","352.065","612.442","O-3","Outer Rim","Mieru'kar","planet","legends","","https://starwars.fandom.com/wiki/Maltha_Obex"
"Neelgaimon","1545.6","295","566.573","624.218","Q-3","Outer Rim","Xappyh","planet","legends","","https://starwars.fandom.com/wiki/Neelgaimon"
"Ruuria","1557.7","310","579.915","607.7","Q-3","Outer Rim","Xappyh","planet","canon","Hydian Way","https://starwars.fandom.com/wiki/Ruuria"
"Tiss'sharl","1592.4","319.4","618.035","597.323","R-4","Outer Rim","Xappyh","planet","legends","","https://starwars.fandom.com/wiki/Tiss'sharl"
"Iliabath","1645.5","385.6","676.35","524.589","R-4","Outer Rim","Mortex","planet","legends","","https://starwars.fandom.com/wiki/Iliabath"
"Ranroon","1653.5","422.2","685.115","484.444","R-5","Outer Rim","Mortex","planet","legends","Shaltin Tunnels","https://starwars.fandom.com/wiki/Ranroon"
"Almania","1682.6","413.1","717.119","494.43","S-5","Outer Rim","Mortex","planet","legends","","https://starwars.fandom.com/wiki/Almania"
"Troiken","1723","409.6","761.592","498.243","S-5","Outer Rim","Colundra","planet","canon","","https://starwars.fandom.com/wiki/Troiken"
"Zygerria","1672.7","364.7","706.318","547.586","S-4","Outer Rim","Chorlian","planet","canon","Listehol Run | Shaltin Tunnels","https://starwars.fandom.com/wiki/Zygerria"
"Vaynai","1708.6","386.5","745.709","523.673","S-4","Outer Rim","Chorlian","planet","legends","","https://starwars.fandom.com/wiki/Vaynai"
"Ziost","1592.4","391.2","617.998","518.502","R-4","Outer Rim","Sith Worlds","planet","canon","","https://starwars.fandom.com/wiki/Ziost"
"Begeren","1592.5","406.8","618.162","501.35","R-4","Outer Rim","Sith Worlds","planet","legends","","https://starwars.fandom.com/wiki/Begeren"
"Korriz","1580.9","386.5","605.379","523.672","R-4","Outer Rim","Sith Worlds","planet","legends","","https://starwars.fandom.com/wiki/Korriz"
"Athiss","1591.2","384","616.739","526.353","R-4","Outer Rim","Sith Worlds","planet","legends","","https://starwars.fandom.com/wiki/Athiss"
"Svolten","1613.9","383.2","641.645","527.27","R-4","Outer Rim","Sith Worlds","planet","legends","","https://starwars.fandom.com/wiki/Svolten"
"Bhargebba","1610.7","386.7","638.117","523.46","R-4","Outer Rim","Sith Worlds","planet","legends","","https://starwars.fandom.com/wiki/Bhargebba"
"Ch'hodos","1603.7","395.8","630.427","513.371","R-4","Outer Rim","Sith Worlds","planet","legends","","https://starwars.fandom.com/wiki/Ch'hodos"
"Nfolgai","1620.5","392.6","648.903","516.969","R-4","Outer Rim","Sith Worlds","planet","legends","","https://starwars.fandom.com/wiki/Nfolgai"
"Krayiss","1624.3","402.4","653.066","506.174","R-4","Outer Rim","Sith Worlds","planet","legends","","https://starwars.fandom.com/wiki/Krayiss"
"Korriban","1591.4","438.9","616.975","466.096","R-5","Outer Rim","Sith Worlds","planet","canon","","https://starwars.fandom.com/wiki/Korriban"
"Bosthirda","1598.6","428.6","624.792","477.327","R-5","Outer Rim","Sith Worlds","planet","legends","","https://starwars.fandom.com/wiki/Bosthirda"
"Dromund Kaas","1608.2","422.9","635.376","483.677","R-5","Outer Rim","Sith Worlds","planet","legends","","https://starwars.fandom.com/wiki/Dromund_Kaas"
"Nicht Ka","1582.7","419.8","607.365","487.064","R-5","Outer Rim","Sith Worlds","planet","legends","","https://starwars.fandom.com/wiki/Nicht_Ka"
"Rhelg","1626.2","425.2","655.212","481.109","R-5","Outer Rim","Sith Worlds","planet","legends","","https://starwars.fandom.com/wiki/Rhelg"
"Khar Delba","1631","414","660.398","493.439","R-5","Outer Rim","Sith Worlds","planet","legends","","https://starwars.fandom.com/wiki/Khar_Delba"
"Jaguada","1611.8","416.9","639.337","490.264","R-5","Outer Rim","Sith Worlds","planet","legends","","https://starwars.fandom.com/wiki/Jaguada"
"Ashas Ree","1595.9","415.3","621.866","491.957","R-5","Outer Rim","Sith Worlds","planet","legends","","https://starwars.fandom.com/wiki/Ashas_Ree"
"Kalsunor","1588.8","411.1","614.061","496.543","R-5","Outer Rim","Sith Worlds","planet","legends","","https://starwars.fandom.com/wiki/Kalsunor"
"Elom","1604.7","479","631.561","422.002","R-5","Outer Rim","Sertar","planet","legends","","https://starwars.fandom.com/wiki/Elom"
"Syngia","1654.1","453.5","685.776","449.957","R-5","Outer Rim","Sertar","planet","legends","Shaltin Tunnels","https://starwars.fandom.com/wiki/Syngia"
"Yutusk","1662.4","447","694.904","457.192","R-5","Outer Rim","Sertar","planet","legends","","https://starwars.fandom.com/wiki/Yutusk"
"Sembla","1682.2","466.9","716.711","435.23","S-5","Outer Rim","Sertar","planet","canon","","https://starwars.fandom.com/wiki/Sembla"
"Telos","1492.2","343.4","507.946","570.992","Q-4","Outer Rim","Kwymar","planet","canon","Hydian Way","https://starwars.fandom.com/wiki/Telos"
"Doniphon","1499","335.4","515.411","579.728","Q-4","Outer Rim","Kwymar","planet","legends","Hydian Way","https://starwars.fandom.com/wiki/Doniphon"
"Tantive","1505.4","330.2","522.4","585.446","Q-4","Outer Rim","Kwymar","planet","legends","Hydian Way","https://starwars.fandom.com/wiki/Tantive"
"Listehol","1517.1","324.9","535.265","591.323","Q-4","Outer Rim","Kwymar","planet","legends","Hydian Way | Listehol Run","https://starwars.fandom.com/wiki/Listehol"
"Thila","1508.3","378.8","525.577","532.078","Q-4","Outer Rim","I-Sector","planet","legends","","https://starwars.fandom.com/wiki/Thila"
"Ferro","1520.8","364.4","539.395","547.961","Q-4","Outer Rim","I-Sector","planet","legends","","https://starwars.fandom.com/wiki/Ferro"
"Mirial","1525.3","348.9","544.319","564.956","Q-4","Outer Rim","I-Sector","planet","canon","Listehol Run","https://starwars.fandom.com/wiki/Mirial"
"Sikurd","1540.7","366.7","561.155","545.42","Q-4","Outer Rim","I-Sector","planet","legends","Listehol Run","https://starwars.fandom.com/wiki/Sikurd"
"Ord Radama","1488.2","416.4","503.499","490.782","Q-5","Outer Rim","Esstran","planet","canon","","https://starwars.fandom.com/wiki/Ord_Radama"
"Thule","1566.6","414.4","589.721","492.952","Q-5","Outer Rim","Esstran","planet","legends","","https://starwars.fandom.com/wiki/Thule"
"Corbos","1580.2","451.1","604.666","452.651","R-5","Outer Rim","Esstran","planet","legends","","https://starwars.fandom.com/wiki/Corbos"
"Thosa","1616.9","340.8","644.93","573.816","R-4","Outer Rim","Tynquay","planet","legends","","https://starwars.fandom.com/wiki/Thosa"
"Gigor","1602.5","355.2","629.103","558.045","R-4","Outer Rim","Tynquay","planet","legends","Listehol Run","https://starwars.fandom.com/wiki/Gigor"
"Dra","1659.6","330.9","691.886","584.77","R-4","Outer Rim","Wyl","planet","legends","","https://starwars.fandom.com/wiki/Dra"
"Lafra","1649","338.9","680.187","575.942","R-4","Outer Rim","Wyl","planet","legends","","https://starwars.fandom.com/wiki/Lafra"
"Praadost","1449","393","460.455","516.512","P-4","Outer Rim","Nembus","planet","legends","Hydian Way","https://starwars.fandom.com/wiki/Praadost"
"Carosi","1455.8","360.2","467.92","552.567","P-4","Outer Rim","Nembus","planet","legends","","https://starwars.fandom.com/wiki/Carosi"
"Thalassia","1429.4","375.8","438.854","535.414","P-4","Outer Rim","Meram","planet","legends","","https://starwars.fandom.com/wiki/Thalassian_system"
"Tangrene","1349.4","401.8","350.971","506.818","O-4","Outer Rim","Morshdine","planet","legends","","https://starwars.fandom.com/wiki/Tangrene"
"Edusa","1360.4","423.3","363.042","483.152","O-5","Outer Rim","Morshdine","planet","legends","","https://starwars.fandom.com/wiki/Edusa"
"Camden","1356.2","439.1","358.436","465.839","O-5","Outer Rim","Morshdine","planet","legends","","https://starwars.fandom.com/wiki/Camden"
"Vandyne","1351.6","458.2","353.354","444.874","O-5","Outer Rim","Morshdine","planet","legends","","https://starwars.fandom.com/wiki/Vandyne"
"Salin","1281","478.8","275.844","422.161","N-5","Outer Rim","Sprizen","planet","legends","Veragi Trade Route","https://starwars.fandom.com/wiki/Salin"
"Toola","1739.6","440.8","779.805","463.934","S-5","Outer Rim","Nilgaard","planet","canon","Overic Griplink","https://starwars.fandom.com/wiki/Toola"
"Quermia","1723.2","441.7","761.75","462.981","S-5","Outer Rim","Nilgaard","planet","canon","Overic Griplink | Perlemian Trade Route","https://starwars.fandom.com/wiki/Quermia"
"Makem Te","1712","455.5","749.467","447.84","S-5","Outer Rim","Nilgaard","planet","legends","Perlemian Trade Route","https://starwars.fandom.com/wiki/Makem_Te"
"Emmer","1713.4","428.7","750.996","477.3","S-5","Outer Rim","Nilgaard","planet","legends","","https://starwars.fandom.com/wiki/Emmer"
"Janodral Mizar","1699.4","475.5","735.65","425.795","S-5","Outer Rim","Indrexu","planet","legends","Perlemian Trade Route","https://starwars.fandom.com/wiki/Janodral_Mizar"
"Raxus","1730.7","489","770.01","411.043","S-5","Outer Rim","Tion Hegemony","planet","canon","","https://starwars.fandom.com/wiki/Raxus"
"Tion","1733.5","491.7","773.045","407.979","S-5","Outer Rim","Tion Hegemony","planet","legends","","https://starwars.fandom.com/wiki/Tion"
"Endregaad","1719.3","486.4","757.522","413.8","S-5","Outer Rim","Tion Hegemony","planet","legends","","https://starwars.fandom.com/wiki/Endregaad"
"Livien","1683.4","496.1","718.011","403.217","S-5","Outer Rim","Tion Hegemony","planet","legends","Perlemian Trade Route","https://starwars.fandom.com/wiki/Livien"
"Kanaver","1688.8","493.5","724.008","406.039","S-5","Outer Rim","Tion Hegemony","planet","legends","Perlemian Trade Route","https://starwars.fandom.com/wiki/Kanaver"
"Desevro","1684.6","500.4","719.394","398.44","S-6","Outer Rim","Tion Hegemony","planet","legends","Perlemian Trade Route","https://starwars.fandom.com/wiki/Desevro"
"Rudrig","1749.8","508.4","791.036","389.635","S-6","Outer Rim","Tion Hegemony","planet","canon","","https://starwars.fandom.com/wiki/Rudrig"
"Caluula","1770.7","561.5","814.008","331.357","T-6","Outer Rim","Tion Hegemony","planet","legends","","https://starwars.fandom.com/wiki/Caluula"
"Dellalt","1783.1","571.6","827.631","320.22","T-6","Outer Rim","Tion Hegemony","planet","legends","","https://starwars.fandom.com/wiki/Dellalt"
"Brigia","1768","551","811.041","342.91","T-6","Outer Rim","Tion Hegemony","planet","legends","","https://starwars.fandom.com/wiki/Brigia"
"Eredenn","1759.6","533.9","801.71","361.695","T-6","Outer Rim","Tion Hegemony","planet","legends","","https://starwars.fandom.com/wiki/Eredenn"
"Mullan","1775.8","542.1","819.59","352.681","T-6","Outer Rim","Keldrath","planet","legends","","https://starwars.fandom.com/wiki/Mullan"
"Chandaar","1675.1","545.6","708.932","348.757","S-6","Outer Rim","Cronese Mandate","planet","legends","","https://starwars.fandom.com/wiki/Chandaar"
"Algor","1750.5","562","791.744","330.739","S-6","Outer Rim","Cronese Mandate","planet","legends","","https://starwars.fandom.com/wiki/Algor"
"Pasmin","1693.7","556.4","729.346","336.912","S-6","Outer Rim","Cronese Mandate","planet","legends","","https://starwars.fandom.com/wiki/Pasmin"
"Duinarbulon","1712","554.6","749.498","338.941","S-6","Outer Rim","Cronese Mandate","planet","legends","","https://starwars.fandom.com/wiki/Duinarbulon"
"Eibon","1739.5","556","779.661","337.353","S-6","Outer Rim","Cronese Mandate","planet","legends","","https://starwars.fandom.com/wiki/Eibon"
"Derellium","1727.5","550.1","766.432","343.88","S-6","Outer Rim","Cronese Mandate","planet","legends","","https://starwars.fandom.com/wiki/Derellium"
"Corlass","1736.1","536.4","775.957","358.873","S-6","Outer Rim","Cronese Mandate","planet","legends","","https://starwars.fandom.com/wiki/Corlass"
"Nuswatta","1745.8","538.4","786.54","356.756","S-6","Outer Rim","Cronese Mandate","planet","legends","","https://starwars.fandom.com/wiki/Nuswatta"
"Argai","1738","526.8","778.073","369.456","S-6","Outer Rim","Cronese Mandate","planet","legends","","https://starwars.fandom.com/wiki/Argai"
"Jaminere","1725.1","524.3","763.87","372.235","S-6","Outer Rim","Allied Tion","planet","legends","","https://starwars.fandom.com/wiki/Jaminere"
"Cadinth","1693","534.8","728.557","360.64","S-6","Outer Rim","Allied Tion","planet","legends","","https://starwars.fandom.com/wiki/Cadinth"
"Lianna","1671.2","525.3","704.624","371.071","S-6","Outer Rim","Allied Tion","planet","canon","Perlemian Trade Route | Shaltin Tunnels","https://starwars.fandom.com/wiki/Lianna"
"Barseg","1677","516.6","710.984","380.643","S-6","Outer Rim","Allied Tion","planet","legends","Perlemian Trade Route","https://starwars.fandom.com/wiki/Barseg"
"Amarin","1701","513.4","737.372","384.17","S-6","Outer Rim","Allied Tion","planet","legends","","https://starwars.fandom.com/wiki/Amarin"
"Felucia","1649","517.3","680.216","379.912","R-6","Outer Rim","Thanium","planet","canon","Perlemian Trade Route","https://starwars.fandom.com/wiki/Felucia"
"Galidraan","1651.2","536.2","682.598","359.105","R-6","Outer Rim","Thanium","planet","canon","Perlemian Trade Route","https://starwars.fandom.com/wiki/Galidraan"
"Draukyze","1638.9","543.2","669.083","351.394","R-6","Outer Rim","Thanium","planet","legends","","https://starwars.fandom.com/wiki/Draukyze"
"Mossak","1648.2","526.4","679.375","369.918","R-6","Outer Rim","Thanium","planet","legends","Perlemian Trade Route","https://starwars.fandom.com/wiki/Mossak"
"Arcan","1666.7","530.9","699.695","364.979","R-6","Outer Rim","Thanium","planet","legends","Perlemian Trade Route","https://starwars.fandom.com/wiki/Arcan"
"Thanium","1659.9","511","692.216","386.852","R-6","Outer Rim","Thanium","planet","legends","Perlemian Trade Route","https://starwars.fandom.com/wiki/Thanium"
"Rhen Var","1633.1","541.6","662.797","353.175","R-6","Outer Rim","Belderone","planet","canon","","https://starwars.fandom.com/wiki/Rhen_Var"
"Belderone","1646.8","578.6","677.801","312.544","R-6","Outer Rim","Belderone","planet","canon","","https://starwars.fandom.com/wiki/Belderone"
"Vorzyd","1589.7","549.9","615.043","344.069","R-6","Outer Rim","Vorzyd","planet","legends","","https://starwars.fandom.com/wiki/Vorzyd"
"Columex","1644.7","564.7","675.472","327.791","R-6","Outer Rim","Vorzyd","planet","legends","Perlemian Trade Route | Salin Corridor","https://starwars.fandom.com/wiki/Columex"
"Antemeridias","1616.1","615.1","644.092","272.432","R-7","Outer Rim","Antemeridian","planet","legends","Perlemian Trade Route","https://starwars.fandom.com/wiki/Antemeridias"
"Nam Chorios","1609","585.9","636.22","304.466","R-6","Outer Rim","Meridian","planet","canon","","https://starwars.fandom.com/wiki/Nam_Chorios"
"Budpock","1625.8","596.1","654.77","293.325","R-7","Outer Rim","Meridian","planet","legends","Perlemian Trade Route","https://starwars.fandom.com/wiki/Budpock"
"Lucazec","1543.2","563.8","563.935","328.817","Q-6","Outer Rim","Nuiri","planet","canon","Salin Corridor","https://starwars.fandom.com/wiki/Lucazec"
"Vjun","1527.1","577.4","546.252","313.887","Q-6","Outer Rim","Nuiri","planet","canon","Salin Corridor","https://starwars.fandom.com/wiki/Vjun"
"Gala","1524.1","590.1","542.916","299.91","Q-7","Outer Rim","Nuiri","planet","legends","Salin Corridor","https://starwars.fandom.com/wiki/Gala"
"Garqi","994.3","456.9","-39.212","446.258","K-5","Outer Rim","Cassander","planet","legends","","https://starwars.fandom.com/wiki/Garqi"
"Cassander","1012.9","465.4","-18.814","436.905","K-5","Outer Rim","Cassander","planet","legends","","https://starwars.fandom.com/wiki/Cassander"
"Ord Canfre","1006.1","486.1","-26.224","414.138","K-5","Outer Rim","Cassander","planet","canon","","https://starwars.fandom.com/wiki/Ord_Canfre"
"Monhudle","972.7","457.9","-62.924","445.13","K-5","Outer Rim","Cassander","planet","legends","","https://starwars.fandom.com/wiki/Monhudle"
"Forsen","1009","477.1","-23.13","424.105","K-5","Outer Rim","Cassander","planet","legends","","https://starwars.fandom.com/wiki/Forsen"
"New Bakstre","1022.3","469.4","-8.455","432.572","K-5","Outer Rim","Cassander","planet","legends","","https://starwars.fandom.com/wiki/New_Bakstre"
"Biitu","990.8","447.9","-43.027","456.137","K-5","Outer Rim","Cassander","planet","legends","","https://starwars.fandom.com/wiki/Biitu"
"Minashee","979.7","442.8","-55.303","461.782","K-5","Outer Rim","Cassander","planet","legends","","https://starwars.fandom.com/wiki/Minashee"
"Isiring","1047.1","476","18.78","425.234","L-5","Outer Rim","Cassander","planet","legends","","https://starwars.fandom.com/wiki/Isiring"
"Kalki Nebula","1032.1","461.9","2.27","440.756","L-5","Outer Rim","Cassander","misc","legends","","https://starwars.fandom.com/wiki/Kalki_Nebula"
"Moltok","1036.6","445.9","7.237","458.399","L-5","Outer Rim","Atrivis","planet","canon","","https://starwars.fandom.com/wiki/Moltok"
"Horuz","1094.8","435.4","71.159","469.923","L-5","Outer Rim","Atrivis","planet","canon","","https://starwars.fandom.com/wiki/Horuz"
"Generis","1108.4","452.3","86.194","451.34","L-5","Outer Rim","Atrivis","planet","legends","","https://starwars.fandom.com/wiki/Generis"
"Fedje","1097.5","475.4","74.123","425.891","L-5","Outer Rim","Atrivis","planet","legends","","https://starwars.fandom.com/wiki/Fedje"
"Spefik","1053.1","454.9","25.377","448.447","L-5","Outer Rim","Atrivis","planet","legends","","https://starwars.fandom.com/wiki/Spefik"
"Vuchelle","1082.7","477.9","57.938","423.223","L-5","Outer Rim","Atrivis","planet","legends","","https://starwars.fandom.com/wiki/Vuchelle"
"Iridium","1084","462.2","59.35","440.439","L-5","Outer Rim","Atrivis","planet","legends","","https://starwars.fandom.com/wiki/Iridium"
"Gibbela","1059.7","444.4","32.679","460.053","L-5","Outer Rim","Atrivis","planet","legends","","https://starwars.fandom.com/wiki/Gibbela"
"Fest","1103.3","462.8","80.499","439.786","L-5","Outer Rim","Atrivis","planet","canon","","https://starwars.fandom.com/wiki/Fest"
"Devon","1106.3","457.9","83.885","445.148","L-5","Outer Rim","Atrivis","planet","legends","","https://starwars.fandom.com/wiki/Devon"
"Markbee's Star","1106","446.4","83.462","457.848","L-5","Outer Rim","Atrivis","planet","legends","","https://starwars.fandom.com/wiki/Markbee%27s_Star"
"Hethar","1114","446.2","92.352","457.989","L-5","Outer Rim","Atrivis","planet","legends","","https://starwars.fandom.com/wiki/Hethar"
"Nam'ta","1109.5","438","87.413","467.02","L-5","Outer Rim","Atrivis","planet","legends","","https://starwars.fandom.com/wiki/Nam'ta"
"Mantooine","1080.8","432.9","55.804","472.665","L-5","Outer Rim","Atrivis","planet","legends","","https://starwars.fandom.com/wiki/Mantooine"
"Bimmiel","1241.1","351.9","232.006","561.615","N-4","Outer Rim","Kanz","planet","legends","Veragi Trade Route","https://starwars.fandom.com/wiki/Bimmiel"
"Ereesus","1264.5","371.2","257.737","540.491","N-4","Outer Rim","Kanz","planet","legends","","https://starwars.fandom.com/wiki/Ereesus"
"Jerne","1244.7","381","235.977","529.69","N-4","Outer Rim","Kanz","planet","legends","","https://starwars.fandom.com/wiki/Jerne"
"Argazda","1257.7","385.3","250.272","524.925","N-4","Outer Rim","Kanz","planet","legends","Veragi Trade Route","https://starwars.fandom.com/wiki/Argazda"
"Lorrd","1279.9","367.7","274.573","544.303","N-4","Outer Rim","Kanz","planet","legends","","https://starwars.fandom.com/wiki/Lorrd"
"Kol Huro","1279.9","379.5","274.573","531.278","N-4","Outer Rim","Kanz","planet","legends","","https://starwars.fandom.com/wiki/Kol_Huro"
"Shaum Hii","1228.1","448.5","217.711","455.515","N-5","Outer Rim","Tragan Cluster","planet","legends","Celanon Spur","https://starwars.fandom.com/wiki/Shaum_Hii"
"Agamar","1162.6","481.1","145.739","419.714","M-5","Outer Rim","Lahara","planet","canon","Celanon Spur","https://starwars.fandom.com/wiki/Agamar"
"Gandolo","1165.7","435.8","149.079","469.419","M-5","Outer Rim","Lahara","planet","legends","","https://starwars.fandom.com/wiki/Gandolo"
"Ketaris","1118.1","491.5","96.835","408.245","L-5","Outer Rim","Oplovis","planet","legends","","https://starwars.fandom.com/wiki/Ketaris"
"Akuria","1152.3","418.7","134.447","488.259","M-5","Outer Rim","Oplovis","planet","legends","","https://starwars.fandom.com/wiki/Akuria"
"Phaeda","1080.7","529.1","55.664","366.912","L-6","Outer Rim","Cademimu","planet","legends","","https://starwars.fandom.com/wiki/Phaeda"
"Cademimu","1151.3","524.7","133.315","371.712","M-6","Outer Rim","Cademimu","planet","legends","Celanon Spur","https://starwars.fandom.com/wiki/Cademimu"
"Noonar","1138.7","553.8","119.479","339.804","M-6","Outer Rim","Halthor","planet","legends","Celanon Spur","https://starwars.fandom.com/wiki/Noonar"
"Ord Trasi","1043.6","397.7","14.957","511.324","L-4","Outer Rim","Relgim","planet","legends","Veragi Trade Route","https://starwars.fandom.com/wiki/Ord_Trasi"
"Ord Biniir","1031.1","438.3","1.166","466.658","L-5","Outer Rim","Relgim","planet","legends","","https://starwars.fandom.com/wiki/Ord_Biniir"
"Vykos","1034.8","420","5.253","486.828","L-5","Outer Rim","Relgim","planet","legends","","https://starwars.fandom.com/wiki/Vykos"
"Marmoth","972.8","393.3","-62.904","516.179","K-4","Outer Rim","Albarrio","planet","legends","","https://starwars.fandom.com/wiki/Marmoth"
"Mygeeto","983.7","413.5","-50.923","493.977","K-5","Outer Rim","Albarrio","planet","canon","","https://starwars.fandom.com/wiki/Mygeeto"
"Anemcoro","1026.8","443","-3.516","461.499","K-5","Outer Rim","Albarrio","planet","legends","","https://starwars.fandom.com/wiki/Anemcoro"
"Haverling","1000.6","427.9","-32.302","478.151","K-5","Outer Rim","Albarrio","planet","legends","","https://starwars.fandom.com/wiki/Haverling"
"Morishim","1001.5","417.9","-31.315","489.157","K-5","Outer Rim","Albarrio","planet","legends","","https://starwars.fandom.com/wiki/Morishim"
"Aris","1001.7","410.2","-31.153","497.552","K-5","Outer Rim","Albarrio","planet","legends","","https://starwars.fandom.com/wiki/Aris"
"Malestrom Nebula","1019.8","418.1","-11.257","488.944","K-5","Outer Rim","Albarrio","misc","legends","","https://starwars.fandom.com/wiki/Malestrom_Nebula"
"Eridicon","1828.7","557.2","877.697","336.045","T-6","Outer Rim","Calamari","planet","legends","","https://starwars.fandom.com/wiki/Eridicon"
"Minntooine","1847","569.9","897.752","322.128","T-6","Outer Rim","Calamari","planet","legends","","https://starwars.fandom.com/wiki/Minntooine"
"Ruisto","1849.3","557.2","900.284","336.088","U-6","Outer Rim","Calamari","planet","legends","Overic Griplink","https://starwars.fandom.com/wiki/Ruisto"
"Mon Calamari","1855.6","562.6","907.208","330.121","U-6","Outer Rim","Calamari","planet","canon","Overic Griplink","https://starwars.fandom.com/wiki/Dac"
"New Heurkea","1864.1","581.3","916.585","309.58","U-6","Outer Rim","Calamari","planet","legends","","https://starwars.fandom.com/wiki/New_Heurkea"
"Mantan","1859.5","577.1","911.54","314.202","U-6","Outer Rim","Calamari","planet","legends","","https://starwars.fandom.com/wiki/Mantan"
"Hinakuu","1890.7","585.6","945.812","304.853","U-6","Outer Rim","Calamari","planet","legends","","https://starwars.fandom.com/wiki/Hinakuu"
"Krinemonen","1886","570.7","940.662","321.204","U-6","Outer Rim","Calamari","planet","legends","","https://starwars.fandom.com/wiki/Krinemonen"
"Buchich","1895.8","566.8","951.386","325.544","U-6","Outer Rim","Calamari","planet","legends","","https://starwars.fandom.com/wiki/Buchich"
"Pammant","1858.4","566.8","910.323","325.455","U-6","Outer Rim","Calamari","planet","canon","","https://starwars.fandom.com/wiki/Pammant"
"Pinperu","1871.7","560.1","924.934","332.887","U-6","Outer Rim","Calamari","planet","legends","","https://starwars.fandom.com/wiki/Pinperu"
"Damendine","1871.2","546","924.404","348.357","U-6","Outer Rim","Calamari","planet","legends","","https://starwars.fandom.com/wiki/Damendine"
"Kamdon","1875.2","598.6","928.787","290.578","U-7","Outer Rim","Calamari","planet","legends","","https://starwars.fandom.com/wiki/Kamdon"
"Poseidenna","1850.3","594.9","901.45","294.658","U-7","Outer Rim","Calamari","planet","legends","","https://starwars.fandom.com/wiki/Poseidenna"
"Sanctuary","1867.3","594.1","920.112","295.469","U-7","Outer Rim","Calamari","planet","legends","","https://starwars.fandom.com/wiki/Sanctuary"
"Wyndigal","1714.8","598.4","752.55","290.804","S-7","Outer Rim","Ash Worlds","planet","legends","","https://starwars.fandom.com/wiki/Wyndigal"
"Altratonne","1732.2","623.2","771.6","263.552","S-7","Outer Rim","Ash Worlds","planet","legends","","https://starwars.fandom.com/wiki/Altratonne"
"New Alderaan","1820.6","584.3","868.824","306.305","T-6","Outer Rim","Ash Worlds","planet","canon","","https://starwars.fandom.com/wiki/New_Alderaan"
"Cophrigin","1787.4","617.5","832.29","269.833","T-7","Outer Rim","Ash Worlds","planet","legends","","https://starwars.fandom.com/wiki/Cophrigin"
"Iego","1783.2","635.9","827.649","249.558","T-7","Outer Rim","Ash Worlds","planet","canon","","https://starwars.fandom.com/wiki/Iego"
"OHS1782-03","1772.1","654.2","815.521","229.421","T-7","Outer Rim","Ash Worlds","planet","legends","","https://starwars.fandom.com/wiki/OHS1782-03"
"Agon","1771.2","639.2","814.498","245.948","T-7","Outer Rim","Ash Worlds","planet","legends","","https://starwars.fandom.com/wiki/Agon"
"OHS3842-03","1764.4","617.9","807.054","269.373","T-7","Outer Rim","Ash Worlds","planet","legends","","https://starwars.fandom.com/wiki/OHS3842-03"
"OHS4140-02","1772.6","603.6","816.015","285.071","T-7","Outer Rim","Ash Worlds","planet","legends","","https://starwars.fandom.com/wiki/OHS4140-02"
"OHS2132-04","1825.9","590.3","874.664","299.694","T-7","Outer Rim","Ash Worlds","planet","legends","","https://starwars.fandom.com/wiki/OHS2132-04"
"Chiron","1843.9","623.8","894.409","262.814","T-7","Outer Rim","Ash Worlds","planet","legends","","https://starwars.fandom.com/wiki/Chiron"
"Nyny","1792.8","611.5","838.241","276.422","T-7","Outer Rim","Ash Worlds","planet","legends","","https://starwars.fandom.com/wiki/Nyny"
"Baros","1887.8","629.8","942.665","256.315","U-7","Outer Rim","Dominus","planet","legends","","https://starwars.fandom.com/wiki/Baros"
"Dornea","1885.3","605.6","939.864","282.817","U-7","Outer Rim","Dominus","planet","legends","","https://starwars.fandom.com/wiki/Dornea"
"Gand","1824.1","701.5","872.685","177.441","T-8","Outer Rim","Shadola","planet","canon","","https://starwars.fandom.com/wiki/Gand_(planet)"
"Skeebo","1871","702.5","924.148","176.384","U-8","Outer Rim","Shadola","planet","legends","","https://starwars.fandom.com/wiki/Skeebo"
"Maldra","1878.2","689.7","932.063","190.414","U-8","Outer Rim","Shadola","planet","legends","","https://starwars.fandom.com/wiki/Maldra"
"Baummu","1869.8","701.2","922.834","177.814","U-8","Outer Rim","Shadola","planet","legends","","https://starwars.fandom.com/wiki/Baummu"
"Jubilar","1774","664.1","817.625","218.579","T-7","Outer Rim","Jubilar","planet","legends","","https://starwars.fandom.com/wiki/Jubilar"
"Toong'l","1836.3","657.3","886.028","225.992","T-7","Outer Rim","Jubilar","planet","legends","","https://starwars.fandom.com/wiki/Toong%27L"
"Oseon","1813.2","725.7","860.614","150.898","T-8","Outer Rim","Centrality","planet","legends","Lesser Lantillian Route","https://starwars.fandom.com/wiki/Oseon"
"Erilnar","1815.8","727.4","863.535","148.974","T-8","Outer Rim","Centrality","planet","legends","","https://starwars.fandom.com/wiki/Erilnar"
"Rafa","1823.5","727.3","871.986","149.117","T-8","Outer Rim","Centrality","planet","legends","","https://starwars.fandom.com/wiki/Rafa"
"Ringneldia","1843.3","721.5","893.706","155.471","T-8","Outer Rim","Centrality","planet","legends","","https://starwars.fandom.com/wiki/Ringneldia"
"Arleen","1822.5","723.1","870.837","153.689","T-8","Outer Rim","Centrality","planet","legends","","https://starwars.fandom.com/wiki/Arleen_system"
"Scillal","1818.6","732.3","866.604","143.591","T-8","Outer Rim","Centrality","planet","legends","Lesser Lantillian Route","https://starwars.fandom.com/wiki/Scillal"
"Lekua","1825.7","736.3","874.436","139.199","T-8","Outer Rim","Centrality","planet","legends","Lesser Lantillian Route","https://starwars.fandom.com/wiki/Lekua"
"Cadma","1832.3","739.7","881.597","135.477","T-8","Outer Rim","Centrality","planet","legends","Lesser Lantillian Route","https://starwars.fandom.com/wiki/Cadma"
"Zebitrope","1836.9","747.1","886.712","127.319","T-8","Outer Rim","Centrality","planet","legends","Lesser Lantillian Route","https://starwars.fandom.com/wiki/Zebitrope"
"Dela","1824.1","730.6","872.651","145.538","T-8","Outer Rim","Centrality","planet","legends","","https://starwars.fandom.com/wiki/Dela"
"Tund","1899.5","730.6","955.544","145.444","U-8","Outer Rim","Centrality","planet","canon","","https://starwars.fandom.com/wiki/Tund"
"ThonBoka","1867.2","745.2","919.968","129.403","U-8","Outer Rim","Centrality","planet","legends","","https://starwars.fandom.com/wiki/ThonBoka"
"Renatasia","1857.5","750.1","909.306","124.107","U-8","Outer Rim","Centrality","planet","legends","","https://starwars.fandom.com/wiki/Renatasia"
"Hosrel","1876.9","739.8","930.695","135.415","U-8","Outer Rim","Centrality","planet","legends","","https://starwars.fandom.com/wiki/Hosrel"
"Trammis","1880.2","731.7","934.293","144.27","U-8","Outer Rim","Centrality","planet","legends","","https://starwars.fandom.com/wiki/Trammis"
"Douglas","1892.5","741","947.796","134.119","U-8","Outer Rim","Centrality","planet","legends","","https://starwars.fandom.com/wiki/Douglas"
"Paulking","1888.6","734.8","943.571","140.883","U-8","Outer Rim","Centrality","planet","legends","","https://starwars.fandom.com/wiki/Paulking"
"Antipose","1882.8","728.1","937.098","148.221","U-8","Outer Rim","Centrality","planet","legends","","https://starwars.fandom.com/wiki/Antipose"
"Falko","1879.3","726.7","933.288","149.773","U-8","Outer Rim","Centrality","planet","legends","","https://starwars.fandom.com/wiki/Falko"
"Uaua","1871.3","725","924.486","151.625","U-8","Outer Rim","Centrality","planet","legends","","https://starwars.fandom.com/wiki/Uaua"
"Dilonexa","1861.1","721.6","913.25","155.365","U-8","Outer Rim","Centrality","planet","legends","","https://starwars.fandom.com/wiki/Dilonexa"
"Dagelin Minor","1789.1","719.3","834.181","157.907","T-8","Outer Rim","Cadma","planet","legends","Lesser Lantillian Route","https://starwars.fandom.com/wiki/Dagelin_Minor"
"Taskeed","1720.5","673.4","758.752","208.343","S-7","Outer Rim","Tharin","planet","legends","Triellus Trade Route","https://starwars.fandom.com/wiki/Taskeed"
"Dennogra","1736.3","689.7","776.153","190.447","S-8","Outer Rim","Tharin","planet","canon","Triellus Trade Route","https://starwars.fandom.com/wiki/Dennogra"
"Junkfort Station","1763.4","714.5","805.955","163.226","T-8","Outer Rim","Tharin","station","legends","Lesser Lantillian Route | Triellus Trade Route","https://starwars.fandom.com/wiki/Junkfort_Station"
"Tammar","1762.9","754.7","805.424","119.018","T-8","Outer Rim","Tharin","planet","legends","Triellus Trade Route","https://starwars.fandom.com/wiki/Tammar"
"Nimat","1763.2","723.3","805.73","153.559","T-8","Outer Rim","Tharin","planet","legends","Triellus Trade Route","https://starwars.fandom.com/wiki/Nimat"
"Af'El","1734.2","754.8","773.879","118.911","S-8","Outer Rim","Periphery","planet","legends","","https://starwars.fandom.com/wiki/Af%27El"
"Vaathkree","1731.3","758.8","770.702","114.464","S-8","Outer Rim","Periphery","planet","legends","","https://starwars.fandom.com/wiki/Vaathkree"
"Sriluur","1735.9","760.2","775.679","112.982","S-8","Outer Rim","Periphery","planet","canon","Kegan Run | Pabol Hutta","https://starwars.fandom.com/wiki/Sriluur"
"Lant","1725.8","765.1","764.624","107.602","S-8","Outer Rim","Periphery","planet","legends","","https://starwars.fandom.com/wiki/Lant"
"Yoribuunt","1756.8","770.3","798.667","101.841","S-8","Outer Rim","Periphery","planet","legends","Kegan Run | Varl Run","https://starwars.fandom.com/wiki/Yoribuunt"
"Iotra","1710.1","762.3","747.345","110.609","S-8","Outer Rim","Iotra","planet","legends","","https://starwars.fandom.com/wiki/Iotra"
"Ossus","1666.6","572.7","699.508","319.002","R-6","Outer Rim","Auril","planet","canon","","https://starwars.fandom.com/wiki/Ossus"
"Murkhana","1696.7","565.7","732.64","326.715","S-6","Outer Rim","Auril","planet","canon","","https://starwars.fandom.com/wiki/Murkhana"
"Trogan","1643.9","604.4","674.57","284.218","R-7","Outer Rim","Jospro","planet","canon","","https://starwars.fandom.com/wiki/Trogan"
"Jomark","1650.2","620.3","681.559","266.747","R-7","Outer Rim","Jospro","planet","canon","","https://starwars.fandom.com/wiki/Jomark"
"Sy Myrth","1667.1","634.7","700.107","250.897","S-7","Outer Rim","Jospro","planet","legends","Triellus Trade Route","https://starwars.fandom.com/wiki/Sy_Myrth"
"Kile","1675.3","649.7","709.091","234.398","S-7","Outer Rim","Jospro","planet","legends","","https://starwars.fandom.com/wiki/Kile"
"Saleucami","1697.1","710","733.126","168.177","S-8","Outer Rim","Suolriep","planet","canon","","https://starwars.fandom.com/wiki/Saleucami"
"Boonta","1708.6","727.1","745.663","149.337","S-8","Outer Rim","Suolriep","planet","legends","Kegan Run | Lesser Lantillian Route | Pabol Hutta","https://starwars.fandom.com/wiki/Boonta"
"Komnor","1706.8","682.8","743.716","198.07","S-8","Outer Rim","Suolriep","planet","legends","","https://starwars.fandom.com/wiki/Komnor"
"Kegan","1814.2","781.5","861.737","89.57","T-9","Outer Rim","Calaron","planet","legends","Kegan Run | Triellus Trade Route","https://starwars.fandom.com/wiki/Kegan"
"Akrit'tar","1840.3","801.9","890.476","67.159","T-9","Outer Rim","Calaron","planet","legends","","https://starwars.fandom.com/wiki/Akrit'tar"
"Kubindi","1820.9","838.1","869.118","27.378","T-9","Outer Rim","Calaron","planet","canon","Triellus Trade Route","https://starwars.fandom.com/wiki/Kubindi"
"Delacrix","1806.4","785","853.139","85.765","T-9","Outer Rim","Calaron","planet","legends","Kegan Run","https://starwars.fandom.com/wiki/Delacrix"
"Gestrex","1814.9","815.4","862.563","52.26","T-9","Outer Rim","Calaron","planet","legends","Triellus Trade Route","https://starwars.fandom.com/wiki/Gestrex"
"Norval","1815.4","822.9","863.086","44.055","T-9","Outer Rim","Calaron","planet","legends","Triellus Trade Route","https://starwars.fandom.com/wiki/Norval"
"Lowick","1855.8","843","907.52","21.964","U-9","Outer Rim","Calaron","planet","canon","","https://starwars.fandom.com/wiki/Lowick"
"Droxu","1843.7","990.2","894.145","-139.779","T-11","Outer Rim","Bheriz","planet","legends","","https://starwars.fandom.com/wiki/Droxu"
"Bheriz","1862.9","908.2","915.23","-49.647","U-10","Outer Rim","Bheriz","planet","legends","Triellus Trade Route","https://starwars.fandom.com/wiki/Bheriz"
"Aduba","1879.9","967.6","933.907","-114.941","U-11","Outer Rim","Bheriz","planet","legends","Triellus Trade Route","https://starwars.fandom.com/wiki/Aduba"
"Nadiem","1887.2","1030","942.03","-183.507","U-11","Outer Rim","Baxel","planet","legends","","https://starwars.fandom.com/wiki/Nadiem"
"Glottal","1873.5","1001.3","926.929","-151.996","U-11","Outer Rim","Baxel","planet","legends","Triellus Trade Route","https://starwars.fandom.com/wiki/Glottal"
"Teth","1859.8","1054.3","911.875","-210.191","U-12","Outer Rim","Baxel","planet","canon","Shag Pabol | Triellus Trade Route","https://starwars.fandom.com/wiki/Teth"
"Rinn","1877.1","1054.9","930.924","-210.909","U-12","Outer Rim","Baxel","planet","canon","","https://starwars.fandom.com/wiki/Rinn"
"Dilbana","1859.9","1104.5","912.021","-265.407","U-12","Outer Rim","Baxel","planet","legends","Triellus Trade Route","https://starwars.fandom.com/wiki/Dilbana"
"Rampa Minor","1860.6","1071.3","912.701","-228.942","U-12","Outer Rim","Baxel","planet","legends","Triellus Trade Route","https://starwars.fandom.com/wiki/Rampa_Minor"
"Lirra","1853.8","1057.4","905.238","-213.622","U-12","Outer Rim","Baxel","planet","legends","Shag Pabol","https://starwars.fandom.com/wiki/Lirra"
"Dubrava","1841","1155.7","891.217","-321.67","T-13","Outer Rim","Albanin","planet","legends","Triellus Trade Route","https://starwars.fandom.com/wiki/Dubrava"
"Clantaano","1859.9","1110.6","911.992","-272.051","U-12","Outer Rim","Albanin","planet","legends","Triellus Trade Route","https://starwars.fandom.com/wiki/Clantaano"
"Barab","1853.3","1132.2","904.776","-295.852","U-12","Outer Rim","Albanin","planet","legends","Triellus Trade Route","https://starwars.fandom.com/wiki/Barab"
"Daluuj","1878.8","1149","932.786","-314.26","U-13","Outer Rim","Albanin","planet","legends","","https://starwars.fandom.com/wiki/Daluuj"
"Altor","1871.2","1202.6","924.406","-373.229","U-13","Outer Rim","Zoraster","planet","legends","","https://starwars.fandom.com/wiki/Altor"
"Tammuz-an","1826.9","1271","875.679","-448.337","T-14","Outer Rim","Tammuz","planet","legends","","https://starwars.fandom.com/wiki/Tammuz-an"
"Shiffrin","1797.2","1326.7","843.091","-509.582","T-15","Outer Rim","Tammuz","planet","legends","","https://starwars.fandom.com/wiki/Shiffrin"
"Shola","1866.4","1246.1","919.13","-421.025","U-14","Outer Rim","Tammuz","planet","legends","","https://starwars.fandom.com/wiki/Shola"
"Lyran","1749.8","1330.4","790.95","-513.617","S-15","Outer Rim","Quiberon","planet","legends","Triellus Trade Route","https://starwars.fandom.com/wiki/Lyran"
"R-Duba","1803.4","1336.9","849.919","-520.755","T-15","Outer Rim","Quiberon","planet","legends","","https://starwars.fandom.com/wiki/R-Duba"
"Rothana","1811.1","1368.8","858.299","-555.826","T-15","Outer Rim","Quiberon","planet","canon","","https://starwars.fandom.com/wiki/Rothana"
"Arami","1791.4","1211.8","836.67","-383.335","T-13","Outer Rim","Galov","planet","legends","Triellus Trade Route","https://starwars.fandom.com/wiki/Arami"
"Gamorr","1799.4","1255.7","845.478","-431.556","T-14","Outer Rim","Galov","planet","canon","Triellus Trade Route","https://starwars.fandom.com/wiki/Gamorr"
"Hishyim","1673.8","1327","707.462","-509.892","S-15","Outer Rim","Abrion","planet","legends","","https://starwars.fandom.com/wiki/Hishyim"
"Rishi","1683.1","1336.9","717.704","-520.755","S-15","Outer Rim","Abrion","planet","canon","","https://starwars.fandom.com/wiki/Rishi"
"Ukio","1696.9","1348.5","732.912","-533.48","S-15","Outer Rim","Abrion","planet","canon","","https://starwars.fandom.com/wiki/Ukio"
"Varristad","1684.5","1356.9","719.256","-542.791","S-15","Outer Rim","Abrion","planet","legends","","https://starwars.fandom.com/wiki/Varristad"
"Molavar","1696.4","1371.1","732.291","-558.309","S-15","Outer Rim","Abrion","planet","canon","Triellus Trade Route","https://starwars.fandom.com/wiki/Molavar"
"Roon","1670.7","1393.9","704.048","-583.448","S-15","Outer Rim","Abrion","planet","legends","","https://starwars.fandom.com/wiki/Roon"
"Kolanda Station","1723.5","1268.4","762.086","-445.544","S-14","Outer Rim","Yminis","station","legends","","https://starwars.fandom.com/wiki/Kolanda_Station"
"Polus","1164.4","540.5","147.685","354.399","M-6","Outer Rim","Oricho","planet","legends","","https://starwars.fandom.com/wiki/Polus"
"Borgo Prime","1187.4","523.4","172.957","373.137","M-6","Outer Rim","Oricho","planet","legends","","https://starwars.fandom.com/wiki/Borgo_Prime"
"Er'Kit","1189.2","560.4","174.934","332.476","M-6","Outer Rim","Noonian","planet","canon","","https://starwars.fandom.com/wiki/Er%27Kit"
"Pallaxides","1224.1","596.2","213.349","293.227","N-7","Outer Rim","Noonian","planet","legends","","https://starwars.fandom.com/wiki/Pallaxides"
"Vinsoth","1283.2","489.8","278.226","410.089","N-5","Outer Rim","Quelii","planet","canon","Celanon Spur | Veragi Trade Route","https://starwars.fandom.com/wiki/Vinsoth"
"Cathar","1289","521.9","284.579","374.828","N-6","Outer Rim","Quelii","planet","legends","","https://starwars.fandom.com/wiki/Cathar"
"Halmad","1293.3","559.4","289.352","333.662","N-6","Outer Rim","Quelii","planet","legends","","https://starwars.fandom.com/wiki/Halmad"
"Dathomir","1316.1","533.2","314.44","362.44","O-6","Outer Rim","Quelii","planet","canon","","https://starwars.fandom.com/wiki/Dathomir"
"Drackmar","1334.2","523.6","334.294","372.922","O-6","Outer Rim","Quelii","planet","legends","Celanon Spur","https://starwars.fandom.com/wiki/Drackmar"
"G'wenee","1257.2","561.7","249.689","331.144","N-6","Outer Rim","Weneen","planet","legends","","https://starwars.fandom.com/wiki/G'wenee"
"Wayland","1279.9","641.6","274.605","243.244","N-7","Outer Rim","Ojoster","planet","legends","","https://starwars.fandom.com/wiki/Wayland"
"Taris","1277.3","598.8","271.806","290.318","N-7","Outer Rim","Ojoster","planet","canon","","https://starwars.fandom.com/wiki/Taris"
"Bandomeer","1320.3","569.7","319.046","322.255","O-6","Outer Rim","Meerian","planet","legends","Hydian Way","https://starwars.fandom.com/wiki/Bandomeer"
"Gargon","1323","600.9","322.013","288.042","O-7","Outer Rim","Mandalore","planet","legends","","https://starwars.fandom.com/wiki/Gargon"
"Phindar","1414.3","588.4","422.287","301.766","P-6","Outer Rim","Demetras","planet","canon","Salin Corridor","https://starwars.fandom.com/wiki/Phindar"
"Mandalore","1360.7","615.3","363.452","272.211","O-7","Outer Rim","Mandalore","planet","canon","","https://starwars.fandom.com/wiki/Mandalore"
"Harloen","1328.9","561.9","328.417","330.832","O-6","Outer Rim","Belsmuth","planet","legends","Hydian Way","https://starwars.fandom.com/wiki/Harloen"
"Botajef","1343.7","543.2","344.777","351.48","O-6","Outer Rim","Belsmuth","planet","canon","Celanon Spur | Hydian Way | Salin Corridor","https://starwars.fandom.com/wiki/Botajef"
"Kessel","1791.1","873.3","836.339","-11.369","T-10","Outer Rim","Kessel","planet","canon","Kessel Run","https://starwars.fandom.com/wiki/Kessel"
"Honoghr","1801.4","889.9","847.744","-29.564","T-10","Outer Rim","Kessel","planet","legends","Pabol Sleheyron","https://starwars.fandom.com/wiki/Honoghr"
"Formos","1843.2","886","893.654","-25.297","T-10","Outer Rim","Kessel","planet","canon","Kessel Run | Pabol Sleheyron | Triellus Trade Route","https://starwars.fandom.com/wiki/Formos"
"Zerm","1782.3","881.5","826.724","-20.32","T-10","Outer Rim","Kessel","planet","legends","Kessel Run | Pabol Sleheyron","https://starwars.fandom.com/wiki/Zerm"
"Rnda","1771.4","876.6","814.709","-14.94","T-10","Outer Rim","Kessel","planet","legends","","https://starwars.fandom.com/wiki/Rnda"
"Aeneid","1799.5","880.9","845.642","-19.703","T-10","Outer Rim","Kessel","planet","legends","Pabol Sleheyron","https://starwars.fandom.com/wiki/Aeneid"
"Little Kessel","1815.7","882.2","863.457","-21.07","T-10","Outer Rim","Kessel","planet","legends","Pabol Sleheyron","https://starwars.fandom.com/wiki/Little_Kessel"
"Prishella","1832.3","885","881.603","-24.124","T-10","Outer Rim","Kessel","planet","legends","Pabol Sleheyron","https://starwars.fandom.com/wiki/Prishella"
"Drualkiin","1842.5","865.2","892.848","-2.391","T-10","Outer Rim","Kessel","planet","legends","Triellus Trade Route","https://starwars.fandom.com/wiki/Drualkiin"
"Handooine","1700.1","636.5","736.407","248.899","S-7","Outer Rim","Phelleem","planet","legends","Triellus Trade Route","https://starwars.fandom.com/wiki/Handooine"
"Jabiim","1717.2","655.9","755.185","227.579","S-7","Outer Rim","Phelleem","planet","canon","Triellus Trade Route","https://starwars.fandom.com/wiki/Jabiim"
"Syvris","1802.3","1176.7","848.677","-344.773","T-13","Outer Rim","Al-Nasrl","planet","legends","Triellus Trade Route","https://starwars.fandom.com/wiki/Syvris"
"Unagin","1795.3","1172.3","840.975","-339.92","T-13","Outer Rim","Al-Nasrl","planet","legends","","https://starwars.fandom.com/wiki/Unagin"
"Koiogra","1640.5","1424.4","670.839","-616.968","R-16","Outer Rim","Grohl","planet","legends","Triellus Trade Route","https://starwars.fandom.com/wiki/Koiogra"
"Ord Grovner","1338.3","1662.3","338.752","-878.347","O-18","Outer Rim","Khuiumin","planet","legends","","https://starwars.fandom.com/wiki/Ord_Grovner"
"Florn","1768.5","462.4","811.513","440.167","T-5","Outer Rim","Pakuuni","planet","legends","Overic Griplink","https://starwars.fandom.com/wiki/Florn"
"Pakuuni","1805.2","511.4","851.873","386.329","T-6","Outer Rim","Pakuuni","planet","legends","Overic Griplink","https://starwars.fandom.com/wiki/Pakuuni"
"Munto Codru","1844.7","531","895.225","364.89","T-6","Outer Rim","Pakuuni","planet","legends","Overic Griplink","https://starwars.fandom.com/wiki/Munto_Codru"
"Reginard","1846.3","537.7","897.06","357.502","T-6","Outer Rim","Pakuuni","planet","legends","Overic Griplink","https://starwars.fandom.com/wiki/Reginard"
"Refnar","1810.8","532.2","857.99","363.5","T-6","Outer Rim","Pakuuni","planet","legends","","https://starwars.fandom.com/wiki/Refnar"
"Turkana","1826.9","521","875.717","375.847","T-6","Outer Rim","Pakuuni","planet","legends","Overic Griplink","https://starwars.fandom.com/wiki/Turkana"
"Shaylin","1820.2","518.3","868.308","378.846","T-6","Outer Rim","Pakuuni","planet","legends","Overic Griplink","https://starwars.fandom.com/wiki/Shaylin"
"Gbu","1793.8","522.4","839.345","374.236","T-6","Outer Rim","Pakuuni","planet","legends","","https://starwars.fandom.com/wiki/Gbu"
"Stenos","1598.3","492.2","624.548","407.517","R-5","Outer Rim","Spadja","planet","legends","","https://starwars.fandom.com/wiki/Stenos"
"Tandankin","1641.3","502.7","671.799","395.954","R-6","Outer Rim","Spadja","planet","legends","","https://starwars.fandom.com/wiki/Tandankin"
"Corvis Minor","1259.2","414.2","251.86","493.159","N-5","Outer Rim","Ciutric","planet","legends","Veragi Trade Route","https://starwars.fandom.com/wiki/Corvis_Minor"
"Ciutric","1259","430.6","251.701","475.211","N-5","Outer Rim","Ciutric","planet","legends","Veragi Trade Route","https://starwars.fandom.com/wiki/Ciutric"
"Asation","1021.3","230.8","-9.554","694.671","K-3","Outer Rim","Gree","planet","legends","","https://starwars.fandom.com/wiki/Asation"
"Gree","1035.1","217.4","5.622","709.425","L-2","Outer Rim","Gree","planet","legends","","https://starwars.fandom.com/wiki/Gree"
"Lahag Erli","888.9","1388.8","-155.071","-577.765","J-15","Expansion Region","Cantons of Lahag","planet","legends","","https://starwars.fandom.com/wiki/Lahag_Erli"
"Montitia","878.5","1368.4","-166.507","-555.37","J-15","Expansion Region","Mintitian Grant","planet","legends","","https://starwars.fandom.com/wiki/Montitia"
"Har Binande","923","1437.6","-117.587","-631.45","J-16","Expansion Region","Har Worlds","planet","legends","Great Gran Run","https://starwars.fandom.com/wiki/Har_Binande"
"Solibus","983.1","1382.3","-51.513","-570.617","K-15","Expansion Region","Chitarghar","planet","legends","","https://starwars.fandom.com/wiki/Solibus"
"Gholondreine","996","1395.3","-37.377","-584.912","K-15","Expansion Region","Chitarghar","planet","legends","","https://starwars.fandom.com/wiki/Gholondreine"
"Noe'ha'on","954.6","1430","-82.803","-623.032","K-16","Expansion Region","Piryn SHar","planet","legends","Great Gran Run","https://starwars.fandom.com/wiki/Noe%27ha%27on"
"Natalon","941.8","1434.2","-96.939","-627.638","K-16","Expansion Region","Piryn SHar","planet","legends","Great Gran Run","https://starwars.fandom.com/wiki/Natalon"
"Copperline","1000.2","1427.1","-32.77","-619.855","K-16","Expansion Region","Vatha","planet","legends","","https://starwars.fandom.com/wiki/Copperline"
"New Balosar","1000.8","1409.1","-32.135","-600.16","K-16","Expansion Region","Arc d'Stot","planet","legends","","https://starwars.fandom.com/wiki/New_Balosar"
"Llon Nebulae","1020.6","1367.2","-10.375","-554.099","K-15","Expansion Region","Itopol","misc","legends","","https://starwars.fandom.com/wiki/Llon_Nebulae"
"Quesaya","1056.3","1351.2","28.857","-536.468","L-15","Expansion Region","Andirma","planet","legends","","https://starwars.fandom.com/wiki/Quesaya"
"Pendari","1020.4","1422.4","-10.534","-614.773","K-16","Expansion Region","Vensensor","planet","legends","Corellian Trade Spine","https://starwars.fandom.com/wiki/Pendari"
"Tar Mordren","994","1454.7","-39.6","-650.192","K-16","Expansion Region","Vensensor","planet","legends","Corellian Trade Spine","https://starwars.fandom.com/wiki/Tar_Mordren"
"Calonica","990.5","1460","-43.412","-656.069","K-16","Expansion Region","Vensensor","planet","legends","Corellian Trade Spine","https://starwars.fandom.com/wiki/Calonica"
"Vandelhelm","1139.5","1395.3","120.344","-584.912","M-15","Expansion Region","Epsi Collective","planet","legends","Rimma Trade Route","https://starwars.fandom.com/wiki/Vandelhelm"
"Woostri","1148","1423","129.715","-615.408","M-16","Expansion Region","Woostri","planet","legends","Rimma Trade Route","https://starwars.fandom.com/wiki/Woostri"
"Daemen","1151.9","1441.2","134.004","-635.421","M-16","Expansion Region","Woostri","planet","legends","Rimma Trade Route","https://starwars.fandom.com/wiki/Daemen"
"Qat Chrystac","1114.1","1460","92.39","-656.069","L-16","Expansion Region","Parnabe","planet","legends","","https://starwars.fandom.com/wiki/Qat_Chrystac"
"Nkllon","1083.3","1422.4","58.558","-614.773","L-16","Expansion Region","Alchenaut","planet","legends","","https://starwars.fandom.com/wiki/Nkllon"
"Rainos CLuster","1087","1381.4","62.688","-569.664","L-15","Expansion Region","Rocantor","misc","legends","","https://starwars.fandom.com/wiki/Rainos_CLuster"
"Ord Vaug","1105.8","1398","83.336","-587.93","L-15","Expansion Region","Rocantor","planet","legends","","https://starwars.fandom.com/wiki/Ord_Vaug"
"Epica","1085.9","1351.5","61.417","-536.786","L-15","Expansion Region","Bes Ber Bikade","planet","legends","Corellian Trade Spine","https://starwars.fandom.com/wiki/Epica"
"Roona","1079.2","1361.6","54.111","-547.904","L-15","Expansion Region","Bes Ber Bikade","planet","legends","Corellian Trade Spine","https://starwars.fandom.com/wiki/Roona"
"Borkyne","1072.7","1369.3","46.963","-556.322","L-15","Expansion Region","Bes Ber Bikade","planet","legends","Corellian Trade Spine","https://starwars.fandom.com/wiki/Borkyne"
"Kinyen","1039.8","1403.5","10.75","-593.966","L-15","Expansion Region","Bes Ber Bikade","planet","legends","Corellian Trade Spine | Great Gran Run","https://starwars.fandom.com/wiki/Kinyen"
"Tregillis","1127.4","1362","107.002","-548.381","M-15","Expansion Region","Tregillis","planet","legends","Rimma Trade Route","https://starwars.fandom.com/wiki/Tregillis"
"Lohopa","1173.3","1374.9","157.511","-562.517","M-15","Expansion Region","Boeus","planet","legends","Harrin Trade Corridor","https://starwars.fandom.com/wiki/Lohopa"
"Droecil","1128.4","1341.4","108.114","-525.668","M-15","Expansion Region","Boeus","planet","legends","Harrin Trade Corridor","https://starwars.fandom.com/wiki/Droecil"
"Derra","1216.6","1335.6","205.002","-519.315","N-15","Expansion Region","Mikaster","planet","legends","","https://starwars.fandom.com/wiki/Derra"
"Vernet","1274.5","1299.2","268.641","-479.289","N-14","Expansion Region","Baroli","planet","legends","","https://starwars.fandom.com/wiki/Vernet"
"Baroli","1242.4","1298.6","233.433","-478.653","N-14","Expansion Region","Baroli","planet","legends","Hydian Way","https://starwars.fandom.com/wiki/Baroli"
"Gacerian","1241.7","1329.6","232.639","-512.802","N-15","Expansion Region","Baroli","planet","legends","Hydian Way","https://starwars.fandom.com/wiki/Gacerian"
"Kira","1259.6","1408.1","252.334","-599.048","N-15","Expansion Region","Kira","planet","legends","Enarc Run | Harrin Trade Corridor","https://starwars.fandom.com/wiki/Kira"
"Lazerian","1258.9","1405.8","251.54","-596.507","N-15","Expansion Region","Kira","planet","legends","","https://starwars.fandom.com/wiki/Lazerian"
"Kerkoidia","1288.7","1403.6","284.306","-594.089","N-15","Expansion Region","Kira","planet","canon","","https://starwars.fandom.com/wiki/Kerkoidia"
"Arrgaw","1232","1414.2","221.997","-605.719","N-16","Expansion Region","Kira","planet","legends","Harrin Trade Corridor | Hydian Way","https://starwars.fandom.com/wiki/Arrgaw"
"Pax","1230.6","1428.1","220.408","-620.967","N-16","Expansion Region","Kira","planet","legends","Hydian Way","https://starwars.fandom.com/wiki/Pax"
"Ropagi","1259.5","1410.7","252.175","-601.907","N-16","Expansion Region","Kira","planet","legends","","https://starwars.fandom.com/wiki/Ropagi"
"Jurzan","1206","1400.2","193.407","-590.313","M-15","Expansion Region","Jurzan","planet","legends","Harrin Trade Corridor","https://starwars.fandom.com/wiki/Jurzan"
"Aguarl","1274.2","1336","268.376","-519.791","N-15","Expansion Region","Mbandamonte","planet","legends","","https://starwars.fandom.com/wiki/Aguarl"
"Cerenia","1297.3","1390.8","293.789","-579.989","N-15","Expansion Region","Mbandamonte","planet","legends","Harrin Trade Corridor","https://starwars.fandom.com/wiki/Cerenia"
"Bimin Three","1245.6","1379.5","236.927","-567.6","N-15","Expansion Region","Majoor","planet","legends","","https://starwars.fandom.com/wiki/Bimin_Three"
"Ragith","1240.1","1341.5","230.891","-525.827","N-15","Expansion Region","Majoor","planet","legends","Hydian Way","https://starwars.fandom.com/wiki/Ragith"
"Majoor","1239.4","1356.7","230.097","-542.504","N-15","Expansion Region","Majoor","planet","legends","Hydian Way","https://starwars.fandom.com/wiki/Majoor"
"Ramordia","1238.1","1369.4","228.668","-556.481","N-15","Expansion Region","Majoor","planet","legends","Hydian Way","https://starwars.fandom.com/wiki/Ramordia"
"M'haeli","1226.4","1388.8","215.802","-577.765","N-15","Expansion Region","Majoor","planet","legends","","https://starwars.fandom.com/wiki/M%27haeli"
"Cheku","1338.1","1321.7","338.527","-504.067","O-15","Expansion Region","Brevost","planet","legends","","https://starwars.fandom.com/wiki/Cheku"
"Sika","1345.4","1329.8","346.574","-512.961","O-15","Expansion Region","Brevost","planet","legends","Harrin Trade Corridor","https://starwars.fandom.com/wiki/Sika"
"Coonee","1344.2","1336.2","345.304","-519.95","O-15","Expansion Region","Brevost","planet","legends","Harrin Trade Corridor","https://starwars.fandom.com/wiki/Coonee"
"Krann","1338.1","1357","338.58","-542.822","O-15","Expansion Region","Brevost","planet","legends","Harrin Trade Corridor","https://starwars.fandom.com/wiki/Krann"
"Momansi","1333.6","1363.9","333.656","-550.446","O-15","Expansion Region","Brevost","planet","legends","Harrin Trade Corridor","https://starwars.fandom.com/wiki/Momansi"
"Brevost","1319.8","1378.6","318.408","-566.647","O-15","Expansion Region","Brevost","planet","legends","Harrin Trade Corridor","https://starwars.fandom.com/wiki/Brevost"
"Vendaxa","1321.4","1278.5","320.173","-456.629","O-14","Expansion Region","Zarracina","planet","canon","","https://starwars.fandom.com/wiki/Vendaxa"
"Selsor","1334.4","1312.8","334.503","-494.325","O-14","Expansion Region","Zarracina","planet","legends","","https://starwars.fandom.com/wiki/Selsor"
"Pamorjal","1286.3","1265.2","281.629","-442.016","N-14","Expansion Region","Immerian Outback","planet","legends","","https://starwars.fandom.com/wiki/Pamorjal"
"Glom Tho","840.2","688.5","-208.623","191.798","I-8","Expansion Region","Vardoss","planet","legends","","https://starwars.fandom.com/wiki/Glom_Tho"
"Hijo","872.3","704.4","-173.258","174.311","J-8","Expansion Region","Hijoan Space","planet","legends","","https://starwars.fandom.com/wiki/Hijo"
"Belassar","888.5","697.8","-155.504","181.544","J-8","Expansion Region","Sarla","planet","legends","","https://starwars.fandom.com/wiki/Belassar"
"Mondress","857.8","672.2","-189.204","209.656","J-7","Expansion Region","Mandress","planet","legends","","https://starwars.fandom.com/wiki/Mondress"
"Muzara","960.4","697","-76.507","182.407","K-8","Expansion Region","Trestis","planet","legends","","https://starwars.fandom.com/wiki/Muzara"
"Barenth","975.7","688.5","-59.706","191.77","K-8","Expansion Region","Drannik","planet","legends","","https://starwars.fandom.com/wiki/Barenth"
"Myomar","915.1","675.8","-126.285","205.71","J-7","Expansion Region","Deadalis","planet","canon","Celanon Spur","https://starwars.fandom.com/wiki/Myomar"
"Dorin","901.1","687.6","-141.695","192.723","J-8","Expansion Region","Deadalis","planet","canon","Celanon Spur | Namadii Corridor","https://starwars.fandom.com/wiki/Dorin"
"Yinchorr","1060.1","700.4","33.038","178.672","L-8","Expansion Region","Fellwe","planet","legends","","https://starwars.fandom.com/wiki/Yinchorr"
"Golden Nyss","1069.7","690","43.642","190.138","L-8","Expansion Region","Fellwe","planet","legends","","https://starwars.fandom.com/wiki/Golden_Nyss"
"Immalia","1023.9","709.6","-6.651","168.519","K-8","Expansion Region","Immalia","planet","legends","","https://starwars.fandom.com/wiki/Immalia"
"Mayvitch","1037","711.1","7.64","166.959","L-8","Expansion Region","Immalia","planet","legends","","https://starwars.fandom.com/wiki/Mayvitch"
"Nivek","1347.8","1305.5","349.186","-486.277","O-14","Expansion Region","Citlik","planet","legends","","https://starwars.fandom.com/wiki/Nivek"
"Tynna","1291.3","1231.5","287.136","-404.955","N-14","Expansion Region","Tynna","planet","canon","Shipwrights' Trace","https://starwars.fandom.com/wiki/Tynna"
"Allanteen","1320.4","1235.6","319.114","-409.403","O-14","Expansion Region","Tynna","planet","legends","Corellian Run | Shipwrights' Trace","https://starwars.fandom.com/wiki/Allanteen"
"Rhommamool","1284.4","1193.2","279.512","-362.812","N-13","Expansion Region","Merthian","planet","legends","Corellian Run","https://starwars.fandom.com/wiki/Rhommamool"
"Bovo Yagen","1321","1201.6","319.749","-372.13","O-13","Expansion Region","Kailion","planet","legends","","https://starwars.fandom.com/wiki/Bovo_Yagen"
"Tlactehon","1307.9","1222.8","305.348","-395.425","O-13","Expansion Region","Kailion","planet","legends","Corellian Run","https://starwars.fandom.com/wiki/Tlactehon"
"Tarmidia","1326.6","1223.2","325.891","-395.849","O-13","Expansion Region","Kailion","planet","legends","","https://starwars.fandom.com/wiki/Tarmidia"
"Ryvellia","1383.2","1262.5","388.153","-439.051","O-14","Expansion Region","Treffani","planet","legends","","https://starwars.fandom.com/wiki/Ryvellia"
"Thaere","1379.2","1296.5","383.706","-476.324","O-14","Expansion Region","Thaere","planet","legends","Corellian Run","https://starwars.fandom.com/wiki/Thaere"
"Cularin","1402.7","1274.1","409.542","-451.758","P-14","Expansion Region","Thaere","planet","legends","","https://starwars.fandom.com/wiki/Cularin"
"Merren","1357.2","1260","359.563","-436.298","O-14","Expansion Region","Chaykin","planet","legends","Harrin Trade Corridor","https://starwars.fandom.com/wiki/Merren"
"Gamor","1348.7","1264.7","350.245","-441.381","O-14","Expansion Region","Chaykin","planet","legends","Corellian Run","https://starwars.fandom.com/wiki/Gamor"
"Milagro","1357.8","1273.3","360.199","-450.911","O-14","Expansion Region","Chaykin","planet","canon","Corellian Run | Harrin Trade Corridor","https://starwars.fandom.com/wiki/Milagro"
"Bacrana","1378","1287","382.435","-465.947","O-14","Expansion Region","Brak","planet","legends","","https://starwars.fandom.com/wiki/Bacrana"
"Hilo","1385","1217.1","390.059","-389.072","O-13","Expansion Region","Hilo","planet","legends","","https://starwars.fandom.com/wiki/Hilo"
"Charra","1400.8","1235.2","407.425","-408.979","P-14","Expansion Region","Charra","planet","legends","","https://starwars.fandom.com/wiki/Charra"
"Sarko","1306.4","1115.3","303.789","-277.245","O-12","Expansion Region","Venzeiia","planet","legends","","https://starwars.fandom.com/wiki/Sarko"
"Terrijo","1324","1129.3","323.023","-292.657","O-12","Expansion Region","Venzeiia","planet","legends","","https://starwars.fandom.com/wiki/Terrijo"
"Mek va Uil","1382.7","1144.1","387.63","-308.931","O-13","Expansion Region","Surron","planet","legends","","https://starwars.fandom.com/wiki/Mek_va_Uil"
"Surron","1356.7","1163","359.025","-329.645","O-13","Expansion Region","Surron","planet","legends","","https://starwars.fandom.com/wiki/Surron"
"Altier","1348.3","1182","349.822","-350.529","O-13","Expansion Region","Altier","planet","legends","","https://starwars.fandom.com/wiki/Altier"
"Iktotchon","1344.9","1232.9","346.01","-406.438","O-14","Expansion Region","Narvath","planet","canon","","https://starwars.fandom.com/wiki/Iktotchon"
"Aridus","1363.2","1246","366.128","-420.838","O-14","Expansion Region","Narvath","planet","canon","","https://starwars.fandom.com/wiki/Aridus"
"Parcellus Minor","1328.2","1098.7","327.708","-258.997","O-12","Expansion Region","Parcelus","planet","legends","","https://starwars.fandom.com/wiki/Parcellus_Minor"
"Mimban","1367.5","1045.6","370.862","-200.679","O-12","Expansion Region","Circarpous","planet","canon","Nanth'ri Route","https://starwars.fandom.com/wiki/Mimban"
"Gyndine","1314.9","1066.4","313.036","-223.488","O-12","Expansion Region","Circarpous","planet","legends","Nanth'ri Route","https://starwars.fandom.com/wiki/Gyndine"
"Ishanna","1360.9","1058","363.587","-214.241","O-12","Expansion Region","Circarpous","planet","legends","","https://starwars.fandom.com/wiki/Ishanna"
"Fabrin","1367.8","1077.6","371.231","-235.818","O-12","Expansion Region","Circarpous","planet","legends","Nanth'ri Route","https://starwars.fandom.com/wiki/Fabrin"
"Celegia","1383","923.5","387.876","-66.493","O-10","Expansion Region","Noori","planet","legends","","https://starwars.fandom.com/wiki/Celegia"
"Quas Killam","1431.7","866.2","441.38","-3.49","P-10","Expansion Region","Couronne","planet","legends","Great Kashyyyk Branch | Trellen Trade Route","https://starwars.fandom.com/wiki/Quas_Killam"
"Umbara","1400.9","879.8","407.537","-18.49","P-10","Expansion Region","Ghost Nebula","planet","canon","Great Kashyyyk Branch | Trellen Trade Route","https://starwars.fandom.com/wiki/Umbara"
"Nazzri","1416.4","799.6","424.64","69.668","P-9","Expansion Region","Dona Laza","planet","legends","Lesser Lantillian Route","https://starwars.fandom.com/wiki/Nazzri"
"Valgauth","1399.2","787.5","405.663","83","P-9","Expansion Region","Nojic","planet","legends","","https://starwars.fandom.com/wiki/Valgauth"
"Vena","1395.2","809.9","401.3","58.32","P-9","Expansion Region","Nojic","planet","legends","Lesser Lantillian Route","https://starwars.fandom.com/wiki/Vena"
"Belasco","1381.3","987.5","386.027","-136.812","O-11","Expansion Region","Belasco","planet","legends","","https://starwars.fandom.com/wiki/Belasco"
"Zirulast","1401.7","963.3","408.41","-110.229","P-11","Expansion Region","Belasco","planet","legends","","https://starwars.fandom.com/wiki/Zirulast"
"Trammen","1362.5","1009.2","365.437","-160.608","O-11","Expansion Region","Harron","planet","legends","","https://starwars.fandom.com/wiki/Trammen"
"Chanosant","1352.7","1015.4","354.587","-167.512","O-11","Expansion Region","Harron","planet","legends","","https://starwars.fandom.com/wiki/Chanosant"
"Tarhassan","1367.5","1029.1","370.862","-182.554","O-11","Expansion Region","Harron","planet","legends","","https://starwars.fandom.com/wiki/Tarhassan"
"Reytha","1333.7","1048.4","333.75","-203.761","O-12","Expansion Region","Harron","planet","legends","","https://starwars.fandom.com/wiki/Reytha"
"Prazhi","1373.1","1104.6","377.026","-265.532","O-12","Expansion Region","Cyrillian Protectorate","planet","legends","","https://starwars.fandom.com/wiki/Prazhi"
"Cyrillia","1366.8","1129.3","370.122","-292.657","O-12","Expansion Region","Cyrillian Protectorate","planet","legends","","https://starwars.fandom.com/wiki/Cyrillia"
"Zaloriis","1399.5","1065.9","406.001","-222.995","P-12","Expansion Region","Askarian","planet","legends","Nanth'ri Route","https://starwars.fandom.com/wiki/Zaloriis"
"T'surr","1432.1","1084.7","441.879","-243.585","P-12","Expansion Region","Nuon e Safyd","planet","legends","","https://starwars.fandom.com/wiki/T%27surr"
"Yutan","1410.1","1130.9","417.714","-294.383","P-12","Expansion Region","Ombakond","planet","legends","","https://starwars.fandom.com/wiki/Yutan"
"Dica","1453.1","974.7","464.977","-122.715","P-11","Expansion Region","Tolemses","planet","legends","","https://starwars.fandom.com/wiki/Dica"
"Erai","1429","1004.9","438.427","-155.923","P-11","Expansion Region","Hangshan","planet","legends","","https://starwars.fandom.com/wiki/Erai"
"Artesia","1455.9","1012.5","468.018","-164.307","P-11","Expansion Region","Hangshan","planet","legends","","https://starwars.fandom.com/wiki/Artesia"
"Ulda Frav","1430.4","1020.7","440.03","-173.307","P-11","Expansion Region","Hangshan","planet","legends","","https://starwars.fandom.com/wiki/Ulda_Frav"
"Mordagon","1475.2","1075.5","489.224","-233.475","P-12","Expansion Region","Authala","planet","legends","","https://starwars.fandom.com/wiki/Mordagon"
"Emberlene","1451.4","1096.3","463.086","-256.408","P-12","Expansion Region","Authala","planet","legends","","https://starwars.fandom.com/wiki/Emberlene"
"Scardia","1447.3","1101.4","458.524","-261.956","P-12","Expansion Region","Inra-su-Mar","planet","legends","","https://starwars.fandom.com/wiki/Scardia"
"Shili","1093.9","690.4","70.273","189.645","L-8","Expansion Region","Ehosiq","planet","canon","","https://starwars.fandom.com/wiki/Shili"
"Jestan","1140.2","674.9","121.071","206.66","M-7","Expansion Region","Corpheli","planet","legends","","https://starwars.fandom.com/wiki/Jestan"
"Draria","1164.6","670.7","147.949","211.345","M-7","Expansion Region","Lostar","planet","legends","Hydian Way","https://starwars.fandom.com/wiki/Draria"
"Adin","1171.1","667","155.1","215.414","M-7","Expansion Region","Lostar","planet","legends","Hydian Way","https://starwars.fandom.com/wiki/Adin"
"Nessem","1132.7","693.6","112.81","186.193","M-8","Expansion Region","Lostar","planet","legends","Hydian Way","https://starwars.fandom.com/wiki/Nessem"
"Kidriff","1139.8","687.8","120.701","192.481","M-8","Expansion Region","Lostar","planet","legends","Hydian Way","https://starwars.fandom.com/wiki/Kidriff"
"Jazbina","1169.1","684.1","152.881","196.55","M-8","Expansion Region","Lostar","planet","legends","","https://starwars.fandom.com/wiki/Jazbina"
"Corsin","1202.8","650.6","189.869","233.415","M-7","Expansion Region","Greater Plooriod","planet","canon","Hydian Way","https://starwars.fandom.com/wiki/Corsin"
"Ploo","1243.7","648.8","234.872","235.388","N-7","Expansion Region","Ploo","planet","legends","","https://starwars.fandom.com/wiki/Ploo"
"Serroco","1261.8","643.2","254.722","241.552","N-7","Expansion Region","Ploo","planet","legends","","https://starwars.fandom.com/wiki/Serroco"
"Boordii","1279.4","647.8","274.08","236.497","N-7","Expansion Region","Sumitra","planet","legends","","https://starwars.fandom.com/wiki/Boordii"
"Aquaris","1302.1","662.5","298.985","220.346","N-7","Expansion Region","Sumitra","planet","canon","","https://starwars.fandom.com/wiki/Aquaris"
"Thustra","1305.9","655.8","303.177","227.743","O-7","Expansion Region","Sumitra","planet","canon","","https://starwars.fandom.com/wiki/Thustra"
"Tierfon","1333.5","673.5","333.508","208.263","O-7","Expansion Region","Dentari","planet","legends","","https://starwars.fandom.com/wiki/Tierfon"
"Jendorn","1345.4","692.4","346.577","187.426","O-8","Expansion Region","Farstey","planet","legends","","https://starwars.fandom.com/wiki/Jendorn"
"Alpheridies","1358.6","696.1","361.126","183.357","O-8","Expansion Region","Farstey","planet","legends","","https://starwars.fandom.com/wiki/Alpheridies"
"Thisspias","1349.5","704.6","351.139","174.11","O-8","Expansion Region","Farstey","planet","canon","","https://starwars.fandom.com/wiki/Thisspias"
"Cartao","1373","734.5","376.908","141.19","O-8","Expansion Region","Prackla","planet","canon","","https://starwars.fandom.com/wiki/Cartao"
"Von-Alai","1378.7","726.7","383.196","149.821","O-8","Expansion Region","Locris","planet","legends","","https://starwars.fandom.com/wiki/Von-Alai"
"Sermeria","1369.3","763.1","372.839","109.75","O-8","Expansion Region","Locris","planet","legends","Perlemian Trade Route","https://starwars.fandom.com/wiki/Sermeria"
"Carcel","1374.4","762.9","378.51","109.997","O-8","Expansion Region","Locris","planet","legends","Perlemian Trade Route","https://starwars.fandom.com/wiki/Carcel"
"Pirin","1384.4","761.4","389.484","111.6","O-8","Expansion Region","Locris","planet","legends","Perlemian Trade Route","https://starwars.fandom.com/wiki/Pirin"
"Gizer","1399.6","758.2","406.108","115.209","P-8","Expansion Region","Locris","planet","legends","Perlemian Trade Route","https://starwars.fandom.com/wiki/Gizer"
"Donovia","1388.7","772.7","394.169","99.27","O-9","Expansion Region","Hali","planet","legends","","https://starwars.fandom.com/wiki/Donovia"
"Illoud","1388","778.5","393.429","92.859","O-9","Expansion Region","Hali","planet","legends","","https://starwars.fandom.com/wiki/Illoud"
"Attahox","1461.7","1061.7","474.429","-218.31","P-12","Expansion Region","Hocatar","planet","legends","Nanth'ri Route","https://starwars.fandom.com/wiki/Attahox"
"Sepan","1417.7","1146.8","426.098","-311.891","P-13","Expansion Region","Sepan","planet","legends","","https://starwars.fandom.com/wiki/Sepan"
"Wann Tsir","1418.9","1158.8","427.331","-325.083","P-13","Expansion Region","Sepan","planet","legends","","https://starwars.fandom.com/wiki/Wann_Tsir"
"Roxuli","823.1","717.3","-227.364","160.071","I-8","Expansion Region","Freestanding Subsectors","planet","legends","","https://starwars.fandom.com/wiki/Roxuli"
"Mendicat","813.1","711.4","-238.378","166.646","I-8","Expansion Region","Freestanding Subsectors","planet","legends","","https://starwars.fandom.com/wiki/Mendicat"
"Celdaru","809.2","698.9","-242.653","180.291","I-8","Expansion Region","Freestanding Subsectors","planet","legends","","https://starwars.fandom.com/wiki/Celdaru"
"Aruza","826.3","1298.9","-223.846","-478.971","I-14","Expansion Region","Freestanding Subsectors","planet","legends","","https://starwars.fandom.com/wiki/Aruza"
"Lequabis","836.1","1291.9","-213.045","-471.347","I-14","Expansion Region","Freestanding Subsectors","planet","legends","","https://starwars.fandom.com/wiki/Lequabis"
"Kayri","840.9","1331.1","-207.804","-514.391","I-15","Expansion Region","Freestanding Subsectors","planet","legends","","https://starwars.fandom.com/wiki/Kayri"
"Taloraan","809.5","1326.3","-242.27","-509.149","I-15","Expansion Region","Freestanding Subsectors","planet","legends","","https://starwars.fandom.com/wiki/Taloraan"
"Soun","848.3","730.2","-199.691","145.951","J-8","Expansion Region","Freestanding Subsectors","planet","legends","","https://starwars.fandom.com/wiki/Soun"
"Poviduze","856.4","1308.4","-190.809","-489.454","J-14","Expansion Region","Freestanding Subsectors","planet","legends","","https://starwars.fandom.com/wiki/Poviduze"
"Selvaris","839.5","803.3","-209.389","65.597","I-9","Inner Rim","Sin sector registrado","planet","legends","","https://starwars.fandom.com/wiki/Selvaris"
"Reecee","908.5","767.8","-133.549","104.613","J-8","Inner Rim","Sin sector registrado","planet","legends","","https://starwars.fandom.com/wiki/Reecee"
"Rondai","913.9","705.8","-127.631","172.782","J-8","Inner Rim","Sin sector registrado","planet","legends","Namadii Corridor","https://starwars.fandom.com/wiki/Rondai"
"Bengat","929.4","719.9","-110.534","157.219","J-8","Inner Rim","Sin sector registrado","planet","legends","Namadii Corridor","https://starwars.fandom.com/wiki/Bengat"
"Bilbringi","919.5","716.2","-121.384","161.274","J-8","Inner Rim","Sin sector registrado","planet","canon","Namadii Corridor","https://starwars.fandom.com/wiki/Bilbringi"
"Walalla","889.1","1223.2","-154.839","-395.851","J-13","Inner Rim","Seventh Security Zone","planet","legends","","https://starwars.fandom.com/wiki/Walalla"
"Donadus","886.4","1211.2","-157.799","-382.659","J-13","Inner Rim","Bamula","planet","legends","","https://starwars.fandom.com/wiki/Donadus"
"Mindabaal","884.4","1203.4","-160.018","-374.028","J-13","Inner Rim","Sin sector registrado","planet","legends","","https://starwars.fandom.com/wiki/Mindabaal"
"K'taktaxka","851.4","1288.2","-196.267","-467.239","J-14","Inner Rim","Sin sector registrado","planet","legends","","https://starwars.fandom.com/wiki/K'taktaxka"
"Shasfath","860.9","1278.9","-185.786","-457.006","J-14","Inner Rim","Sin sector registrado","planet","legends","","https://starwars.fandom.com/wiki/Shasfath"
"Jandur","913.4","1258.7","-128.085","-434.813","J-14","Inner Rim","Sin sector registrado","planet","legends","","https://starwars.fandom.com/wiki/Jandur"
"Korbin","931.1","1234.4","-108.727","-408.181","J-14","Inner Rim","Sin sector registrado","planet","legends","","https://starwars.fandom.com/wiki/Korbin"
"Tasariq","883.6","1242.7","-160.881","-417.305","J-14","Inner Rim","Sin sector registrado","planet","legends","","https://starwars.fandom.com/wiki/Tasariq"
"Neshtab","946.4","724.3","-91.848","152.452","K-8","Inner Rim","Sin sector registrado","planet","legends","","https://starwars.fandom.com/wiki/Neshtab"
"Aphran","940.9","729.1","-97.93","147.191","K-8","Inner Rim","Sin sector registrado","planet","legends","Namadii Corridor","https://starwars.fandom.com/wiki/Aphran"
"Meastrinnar","944.2","733.7","-94.314","142.095","K-8","Inner Rim","Sin sector registrado","planet","legends","Namadii Corridor","https://starwars.fandom.com/wiki/Meastrinnar"
"Voltare","944.6","739.5","-93.82","135.683","K-8","Inner Rim","Sin sector registrado","planet","legends","Namadii Corridor","https://starwars.fandom.com/wiki/Voltare"
"Carratos","948.1","749.3","-90.039","124.998","K-8","Inner Rim","Sin sector registrado","planet","legends","Namadii Corridor","https://starwars.fandom.com/wiki/Carratos"
"Dulin","991.8","1306.3","-42.025","-487.09","K-14","Inner Rim","Sin sector registrado","planet","legends","","https://starwars.fandom.com/wiki/Dulin_system"
"Pa Tho","979.1","1295.6","-55.957","-475.377","K-14","Inner Rim","Sin sector registrado","planet","legends","","https://starwars.fandom.com/wiki/Pa_Tho_(planet)"
"Trevura","967.9","1292","-68.287","-471.431","K-14","Inner Rim","Sin sector registrado","planet","legends","","https://starwars.fandom.com/wiki/Trevura"
"Yn","994.6","1246.2","-38.942","-421.127","K-14","Inner Rim","Sin sector registrado","planet","legends","","https://starwars.fandom.com/wiki/Yn"
"Fennesa","991.3","1238.1","-42.518","-412.25","K-14","Inner Rim","Sin sector registrado","planet","legends","","https://starwars.fandom.com/wiki/Fennesa"
"Ord Lithone","1038.5","714.9","9.29","162.778","L-8","Inner Rim","Sin sector registrado","planet","legends","","https://starwars.fandom.com/wiki/Ord_Lithone"
"Datar","1080.9","715.1","55.895","162.569","L-8","Inner Rim","Sin sector registrado","planet","legends","","https://starwars.fandom.com/wiki/Datar"
"Milvayne","1075.5","723.4","50.047","153.369","L-8","Inner Rim","Sin sector registrado","planet","canon","","https://starwars.fandom.com/wiki/Milvayne"
"Barlok","1071.5","742.4","45.608","132.532","L-8","Inner Rim","Marcol","planet","legends","","https://starwars.fandom.com/wiki/Barlok"
"Paqualis III","1117.4","712.1","96.032","165.802","L-8","Inner Rim","Sin sector registrado","planet","legends","Hydian Way","https://starwars.fandom.com/wiki/Paqualis_III"
"Per Lupelo","1109.8","722.6","87.648","154.336","L-8","Inner Rim","Sin sector registrado","planet","legends","Hydian Way","https://starwars.fandom.com/wiki/Per_Lupelo"
"Drearia","1102.2","733.3","79.387","142.499","L-8","Inner Rim","Sin sector registrado","planet","legends","Hydian Way","https://starwars.fandom.com/wiki/Drearia"
"Champala","1094.9","745.3","71.373","129.307","L-8","Inner Rim","Sin sector registrado","planet","canon","Hydian Way","https://starwars.fandom.com/wiki/Champala"
"Tomo-Reth","1107.4","1232.3","85.092","-405.807","L-14","Inner Rim","Sin sector registrado","planet","legends","","https://starwars.fandom.com/wiki/Tomo-Reth"
"Norah","1098.2","1246.8","74.92","-421.712","L-14","Inner Rim","Sin sector registrado","planet","legends","","https://starwars.fandom.com/wiki/Norah"
"Mechis III","1114.4","1287.3","92.767","-466.284","L-14","Inner Rim","Sin sector registrado","planet","legends","Corellian Trade Spine","https://starwars.fandom.com/wiki/Mechis_III"
"Renillis","1111.4","1299.4","89.438","-479.599","L-14","Inner Rim","Sin sector registrado","planet","legends","Corellian Trade Spine","https://starwars.fandom.com/wiki/Renillis_system"
"Yag'Dhul","1108.7","1308.8","86.479","-489.864","L-14","Inner Rim","Givin Domain","planet","canon","Corellian Trade Spine | Rimma Trade Route","https://starwars.fandom.com/wiki/Yag%27Dhul"
"Sukkult","1112.4","1315.8","90.548","-497.631","L-14","Inner Rim","Sin sector registrado","planet","legends","Rimma Trade Route","https://starwars.fandom.com/wiki/Sukkult"
"Laertos","1077.1","1296.6","51.803","-476.455","L-14","Inner Rim","Sin sector registrado","planet","legends","","https://starwars.fandom.com/wiki/Laertos"
"Tauber","1097.6","1278.8","74.273","-456.944","L-14","Inner Rim","Jaso","planet","legends","Rimma Trade Route","https://starwars.fandom.com/wiki/Tauber"
"Thyferra","1090","1265.4","65.951","-442.241","L-14","Inner Rim","Jaso","planet","legends","Rimma Trade Route | Shipwrights' Trace","https://starwars.fandom.com/wiki/Thyferra"
"Vanik","1065.4","1237.2","38.949","-411.263","L-14","Inner Rim","Sin sector registrado","planet","legends","Rimma Trade Route","https://starwars.fandom.com/wiki/Vanik_system"
"Kiffu","1055.5","1255.5","28.038","-431.329","L-14","Inner Rim","Kiffu","planet","canon","","https://starwars.fandom.com/wiki/Kiffu"
"Janara","1034.8","1280.2","5.32","-458.485","L-14","Inner Rim","Sin sector registrado","planet","legends","","https://starwars.fandom.com/wiki/Janara_III"
"Pitrolea","1035.6","1292","6.184","-471.431","L-14","Inner Rim","Sin sector registrado","planet","legends","","https://starwars.fandom.com/wiki/Pitrolea"
"Ketal","1036.9","1302.2","7.54","-482.651","L-14","Inner Rim","Sin sector registrado","planet","legends","","https://starwars.fandom.com/wiki/Ketal"
"Wroona","1118.5","1333.9","97.298","-517.513","L-15","Inner Rim","Sin sector registrado","planet","legends","Harrin Trade Corridor | Rimma Trade Route","https://starwars.fandom.com/wiki/Wroona"
"Harrin","1104.2","1320","81.578","-502.162","L-15","Inner Rim","Harrin","planet","legends","Corellian Trade Spine | Harrin Trade Corridor","https://starwars.fandom.com/wiki/Harrin"
"Moorja","1098.9","1332.1","75.753","-515.478","L-15","Inner Rim","Sin sector registrado","planet","canon","Corellian Trade Spine","https://starwars.fandom.com/wiki/Moorja"
"Calus","1092","1341.5","68.17","-525.835","L-15","Inner Rim","Sin sector registrado","planet","legends","Corellian Trade Spine","https://starwars.fandom.com/wiki/Calus"
"Ukatis","1059.1","1332.2","32.014","-515.571","L-15","Inner Rim","Sin sector registrado","planet","legends","","https://starwars.fandom.com/wiki/Ukatis"
"Shalam","1200.2","676.4","187.023","205.01","M-7","Inner Rim","Sin sector registrado","planet","legends","","https://starwars.fandom.com/wiki/Shalam"
"Bogden","1126.4","701","105.91","177.988","M-8","Inner Rim","Sin sector registrado","planet","canon","Hydian Way","https://starwars.fandom.com/wiki/Bogden"
"Omonoth","1145.6","766","126.979","106.621","M-8","Inner Rim","Sin sector registrado","planet","legends","","https://starwars.fandom.com/wiki/Omonoth"
"Mindor","1152.2","729.2","134.253","147.061","M-8","Inner Rim","Sin sector registrado","planet","legends","","https://starwars.fandom.com/wiki/Mindor"
"Tala","1220.6","808.4","209.474","60.043","N-9","Inner Rim","Sin sector registrado","planet","legends","","https://starwars.fandom.com/wiki/Tala_system"
"Mantessa","1173.4","746.6","157.556","127.951","M-8","Inner Rim","Orus","planet","legends","","https://starwars.fandom.com/wiki/Mantessa"
"Ejolus","1169.6","691.6","153.364","188.365","M-8","Inner Rim","Sin sector registrado","planet","legends","","https://starwars.fandom.com/wiki/Ejolus"
"Poderis","1193.5","756","179.626","117.594","M-8","Inner Rim","Orus","planet","legends","","https://starwars.fandom.com/wiki/Poderis"
"Hijarna","1186.7","768.3","172.228","104.031","M-8","Inner Rim","Orus","planet","legends","","https://starwars.fandom.com/wiki/Hijarna"
"Dagary Minor","1206.5","696.5","193.928","182.94","M-8","Inner Rim","Sin sector registrado","planet","legends","","https://starwars.fandom.com/wiki/Dagary_Minor"
"Joiol","1199.2","771.1","185.894","101.008","M-8","Inner Rim","Orus","planet","legends","Perlemian Trade Route","https://starwars.fandom.com/wiki/Joiol"
"Vurdon Ka","1183.8","777.1","169.022","94.414","M-9","Inner Rim","Darlonn","planet","legends","Perlemian Trade Route","https://starwars.fandom.com/wiki/Vurdon_Ka"
"Adari","1184.5","792","169.804","77.983","M-9","Inner Rim","Adari","planet","legends","","https://starwars.fandom.com/wiki/Adari"
"Sochi","1205.9","804.2","193.292","64.667","M-9","Inner Rim","Sin sector registrado","planet","legends","","https://starwars.fandom.com/wiki/Sochi"
"Aleen","1064.5","651.3","37.917","232.62","L-7","Mid Rim","Bright Jewel","planet","canon","","https://starwars.fandom.com/wiki/Aleen"
"Hillindor","1179.6","1194.4","164.381","-364.185","M-13","Inner Rim","Sin sector registrado","planet","legends","","https://starwars.fandom.com/wiki/Hillindor_system"
"Atzerri","1202.4","1221.9","189.4","-394.434","M-13","Inner Rim","Sin sector registrado","planet","canon","Shipwrights' Trace","https://starwars.fandom.com/wiki/Atzerri"
"Las Lagon","1161.5","1219.2","144.551","-391.474","M-13","Inner Rim","Sin sector registrado","planet","legends","","https://starwars.fandom.com/wiki/Las_Lagon"
"Affa","1169.3","1219.7","153.058","-391.937","M-13","Inner Rim","Sin sector registrado","planet","canon","","https://starwars.fandom.com/wiki/Affa"
"Foless","1130.3","1210.5","110.228","-381.838","M-13","Colonies","Sin sector registrado","planet","legends","Corellian Trade Spine","https://starwars.fandom.com/wiki/Foless"
"Kooriva","1174.2","1249.2","158.514","-424.394","M-14","Inner Rim","Sin sector registrado","planet","canon","","https://starwars.fandom.com/wiki/Kooriva"
"Heptalia","1194.4","1274.9","180.707","-452.598","M-14","Inner Rim","Sin sector registrado","planet","legends","","https://starwars.fandom.com/wiki/Heptalia"
"Borao","1188.8","1281.7","174.512","-460.088","M-14","Inner Rim","Sin sector registrado","planet","legends","","https://starwars.fandom.com/wiki/Borao"
"Vaklin","1203.1","1292.9","190.232","-472.387","M-14","Inner Rim","Sin sector registrado","planet","legends","","https://starwars.fandom.com/wiki/Vaklin"
"Roundtree","1153.9","1287.7","136.136","-466.653","M-14","Inner Rim","Sin sector registrado","planet","legends","","https://starwars.fandom.com/wiki/Roundtree_system"
"Arkam","1157.5","1293","140.112","-472.479","M-14","Inner Rim","Sin sector registrado","planet","legends","","https://starwars.fandom.com/wiki/Arkam_system"
"Xeron","1151.8","1299.6","133.824","-479.784","M-14","Inner Rim","Sin sector registrado","planet","legends","","https://starwars.fandom.com/wiki/Xeron"
"Beltrix III","1134.8","1260.1","115.145","-436.415","M-14","Inner Rim","Sin sector registrado","planet","legends","","https://starwars.fandom.com/wiki/Beltrix_III"
"Bestine","1126.5","1236.8","105.991","-410.801","M-14","Inner Rim","Sin sector registrado","planet","canon","Corellian Trade Spine","https://starwars.fandom.com/wiki/Bestine"
"Myrkr","1276.4","649.2","270.755","234.947","N-7","Inner Rim","Sin sector registrado","planet","legends","","https://starwars.fandom.com/wiki/Myrkr"
"Comkin V","1223.1","665.5","212.208","216.997","N-7","Inner Rim","Nouane","planet","legends","","https://starwars.fandom.com/wiki/Comkin_V"
"Telerath","1233.6","671.3","223.766","210.709","N-7","Inner Rim","Nouane","planet","legends","","https://starwars.fandom.com/wiki/Telerath"
"Kroctar","1243.1","675.3","234.216","206.271","N-7","Inner Rim","Shataum","planet","legends","","https://starwars.fandom.com/wiki/Kroctar"
"Nouane","1215","686.9","203.298","193.543","N-8","Inner Rim","Nouane","planet","canon","","https://starwars.fandom.com/wiki/Nouane"
"Phateem","1221.3","695.1","210.203","184.543","N-8","Inner Rim","Sin sector registrado","planet","legends","","https://starwars.fandom.com/wiki/Phateem"
"Levian","1265.2","687.6","258.443","192.77","N-8","Inner Rim","Sin sector registrado","planet","legends","","https://starwars.fandom.com/wiki/Levian_Two"
"Carest","1297.2","691.8","293.582","188.146","N-8","Inner Rim","Sin sector registrado","planet","legends","","https://starwars.fandom.com/wiki/Carest_1"
"Obroa-skai","1295.4","703.7","291.64","175.016","N-8","Inner Rim","Sin sector registrado","planet","canon","","https://starwars.fandom.com/wiki/Obroa-skai"
"Asrat","1277.5","720.4","271.944","156.706","N-8","Inner Rim","Sin sector registrado","planet","legends","","https://starwars.fandom.com/wiki/Asrat"
"Filordis","1247.3","729.2","238.839","146.997","N-8","Inner Rim","Larrin","planet","legends","","https://starwars.fandom.com/wiki/Filordis"
"Tirahnn","1268.8","754.3","262.46","119.502","N-8","Inner Rim","Zeemacht Cluster","planet","canon","Perlemian Trade Route","https://starwars.fandom.com/wiki/Tirahnn"
"Relatta","1234.1","760","224.27","113.214","N-8","Inner Rim","Sin sector registrado","planet","legends","Perlemian Trade Route","https://starwars.fandom.com/wiki/Relatta_system"
"Berchest","1221","747","209.844","127.455","N-8","Inner Rim","Anthos","planet","legends","","https://starwars.fandom.com/wiki/Berchest"
"Ktil","1290.2","783.3","285.948","87.6","N-9","Inner Rim","Ktilac Regions","planet","legends","","https://starwars.fandom.com/wiki/Ktil"
"Colla IV","1250.6","778.3","242.394","93.055","N-9","Inner Rim","Sin sector registrado","planet","canon","","https://starwars.fandom.com/wiki/Colla_IV"
"Berri","1234.2","802.6","224.362","66.331","N-9","Inner Rim","Sin sector registrado","planet","legends","","https://starwars.fandom.com/wiki/Berri"
"Kloper","1218.4","829.3","207.031","37.029","N-9","Inner Rim","Sin sector registrado","planet","legends","","https://starwars.fandom.com/wiki/Kloper"
"Korev VII","1234.4","832.4","224.604","33.68","N-9","Inner Rim","Zaric","planet","legends","","https://starwars.fandom.com/wiki/Korev_VII"
"Vorsia","1243.7","843.1","234.868","21.844","N-9","Inner Rim","Sin sector registrado","planet","legends","","https://starwars.fandom.com/wiki/Vorsia_system"
"Corvanni IV","1240.7","848.3","231.539","16.203","N-9","Inner Rim","Neshig","planet","legends","","https://starwars.fandom.com/wiki/Corvanni_IV"
"Gelviddis Cluster","1265.5","838.7","258.818","26.745","N-9","Inner Rim","Sin sector registrado","misc","legends","","https://starwars.fandom.com/wiki/Gelviddis_Cluster"
"Manress","1295.5","839","291.738","26.375","N-9","Inner Rim","Sin sector registrado","planet","legends","","https://starwars.fandom.com/wiki/Manress"
"H'ratth","1255.1","875.6","247.324","-13.901","N-10","Inner Rim","Sin sector registrado","planet","legends","","https://starwars.fandom.com/wiki/H%27ratth"
"Pavo Prime","1271.5","877","265.356","-15.381","N-10","Inner Rim","Sin sector registrado","planet","legends","","https://starwars.fandom.com/wiki/Pavo_Prime"
"Telti","1291.1","869.3","286.902","-6.966","N-10","Inner Rim","Sin sector registrado","planet","legends","","https://starwars.fandom.com/wiki/Telti"
"Dartessex IV","1265.1","904.4","258.328","-45.526","N-10","Inner Rim","Sin sector registrado","planet","legends","","https://starwars.fandom.com/wiki/Dartessex_IV"
"Mokk IX","1290","910.4","285.7","-52.092","N-10","Inner Rim","Sin sector registrado","planet","legends","","https://starwars.fandom.com/wiki/Mokk_IX"
"Fadden","1300.2","982.8","296.889","-131.617","N-11","Inner Rim","Sin sector registrado","planet","legends","","https://starwars.fandom.com/wiki/Fadden"
"Antar","1287.4","1054.5","282.833","-210.402","N-12","Inner Rim","Sin sector registrado","planet","canon","Nanth'ri Route","https://starwars.fandom.com/wiki/Antar"
"Ailon","1265.5","1084.6","258.791","-243.507","N-12","Inner Rim","Sin sector registrado","planet","legends","","https://starwars.fandom.com/wiki/Ailon"
"Atapap I","1262.6","1089.9","255.554","-249.333","N-12","Inner Rim","Sin sector registrado","planet","legends","","https://starwars.fandom.com/wiki/Atapap_I"
"Gendrah-Narvin","1252.1","1139.5","244.088","-303.891","N-13","Inner Rim","Sin sector registrado","planet","legends","","https://starwars.fandom.com/wiki/Gendrah-Narvin_system"
"Iseno","1230.5","1143","220.323","-307.682","N-13","Inner Rim","Iseno","planet","legends","Corellian Run","https://starwars.fandom.com/wiki/Iseno"
"Denon","1237.4","1151.1","227.905","-316.559","N-13","Inner Rim","Sin sector registrado","planet","canon","Corellian Run | Hydian Way","https://starwars.fandom.com/wiki/Denon"
"Perithal VI","1251.6","1163.4","243.533","-330.152","N-13","Inner Rim","Sin sector registrado","planet","legends","Corellian Run","https://starwars.fandom.com/wiki/Perithal_VI"
"Sagar","1239.4","1168.4","230.124","-335.608","N-13","Inner Rim","Sin sector registrado","planet","legends","Hydian Way","https://starwars.fandom.com/wiki/Sagar_system"
"Spirana","1264","1175.6","257.126","-343.561","N-13","Inner Rim","Sin sector registrado","planet","legends","Corellian Run","https://starwars.fandom.com/wiki/Spirana"
"Ronyards","1240.1","1182.1","230.864","-350.681","N-13","Inner Rim","Sin sector registrado","planet","legends","Hydian Way","https://starwars.fandom.com/wiki/Ronyards"
"Genon","1257","1189.9","249.451","-359.188","N-13","Inner Rim","Sin sector registrado","planet","legends","","https://starwars.fandom.com/wiki/Genon"
"Ord Vaxal","1264.4","1206","257.588","-376.943","N-13","Inner Rim","Callia","planet","legends","","https://starwars.fandom.com/wiki/Ord_Vaxal"
"Chardaan","1242.8","1226.2","233.868","-399.16","N-13","Inner Rim","Sin sector registrado","planet","legends","Hydian Way | Shipwrights' Trace","https://starwars.fandom.com/wiki/Chardaan"
"Babbadod","1243","1232.5","234.063","-406.085","N-14","Inner Rim","Sin sector registrado","planet","legends","Hydian Way","https://starwars.fandom.com/wiki/Babbadod"
"Itani","1232.8","1240.9","222.874","-415.239","N-14","Inner Rim","Sin sector registrado","planet","legends","","https://starwars.fandom.com/wiki/Itani_system"
"Shibric","1244","1260.9","235.173","-437.248","N-14","Inner Rim","Sin sector registrado","planet","legends","Hydian Way","https://starwars.fandom.com/wiki/Shibric"
"Dargulli","1217.5","1265.2","206.044","-441.964","N-14","Inner Rim","Sin sector registrado","planet","legends","","https://starwars.fandom.com/wiki/Dargulli"
"Paonid","1322.5","711.8","321.416","166.138","O-8","Inner Rim","Sin sector registrado","planet","legends","","https://starwars.fandom.com/wiki/Paonid_system"
"Gravan Seven","1339","716.8","339.54","160.682","O-8","Inner Rim","Sin sector registrado","planet","legends","","https://starwars.fandom.com/wiki/Gravan_Seven"
"Korda Six","1328.2","730.2","327.704","145.98","O-8","Inner Rim","Sin sector registrado","planet","legends","","https://starwars.fandom.com/wiki/Korda_Six"
"Pengalan","1332.8","741.5","332.738","133.465","O-8","Inner Rim","Sin sector registrado","planet","legends","","https://starwars.fandom.com/wiki/Pengalan"
"Dalcretti","1315","756.2","313.227","117.375","O-8","Inner Rim","Sin sector registrado","planet","legends","Perlemian Trade Route","https://starwars.fandom.com/wiki/Dalcretti_system"
"Taanab","1351.6","762.8","353.359","110.162","O-8","Inner Rim","Sin sector registrado","planet","canon","Hapan Spine | Perlemian Trade Route","https://starwars.fandom.com/wiki/Taanab"
"Hapes","1349.1","814.4","350.642","53.377","O-9","Inner Rim","Hapes Cluster","planet","legends","","https://starwars.fandom.com/wiki/Hapes"
"Onderon & Dxun","1367.3","847.2","370.615","17.405","O-9","Inner Rim","Japrael","planet","canon","Lesser Lantillian Route","https://starwars.fandom.com/wiki/Onderon"
"Telkur Station","1336","824.8","336.289","41.925","O-9","Inner Rim","Hapes Cluster","station","legends","","https://starwars.fandom.com/wiki/Telkur_Station"
"Chosper","1338.9","825.6","339.499","41.113","O-9","Inner Rim","Hapes Cluster","planet","legends","","https://starwars.fandom.com/wiki/Chosper"
"Andalia","1334.5","821","334.631","46.14","O-9","Inner Rim","Hapes Cluster","planet","legends","Lorell Route","https://starwars.fandom.com/wiki/Andalia"
"Sennex","1335","819","335.171","48.359","O-9","Inner Rim","Hapes Cluster","planet","legends","Lorell Route","https://starwars.fandom.com/wiki/Sennex"
"Daruvvia","1336","817","336.247","50.582","O-9","Inner Rim","Hapes Cluster","planet","legends","Lorell Route","https://starwars.fandom.com/wiki/Daruvvia"
"Ket","1336.3","815.5","336.565","52.222","O-9","Inner Rim","Hapes Cluster","planet","legends","Lorell Route","https://starwars.fandom.com/wiki/Ket"
"Lovola","1337.3","812.5","337.641","55.503","O-9","Inner Rim","Hapes Cluster","planet","legends","Lorell Route","https://starwars.fandom.com/wiki/Lovola"
"Maires","1337.5","810.9","337.923","57.267","O-9","Inner Rim","Hapes Cluster","planet","legends","Lorell Route","https://starwars.fandom.com/wiki/Maires"
"Vergill","1338","810.1","338.487","58.166","O-9","Inner Rim","Hapes Cluster","planet","legends","Lorell Route","https://starwars.fandom.com/wiki/Vergill"
"Modus","1339.4","809.4","339.951","58.872","O-9","Inner Rim","Hapes Cluster","planet","legends","Rynmar Trail","https://starwars.fandom.com/wiki/Modus"
"Charubah","1339.3","810.9","339.898","57.267","O-9","Inner Rim","Hapes Cluster","planet","legends","","https://starwars.fandom.com/wiki/Charubah"
"Cheruba","1342","811.1","342.809","56.985","O-9","Inner Rim","Hapes Cluster","planet","legends","","https://starwars.fandom.com/wiki/Cheruba"
"Relephon","1343.3","812.1","344.273","55.979","O-9","Inner Rim","Hapes Cluster","planet","legends","","https://starwars.fandom.com/wiki/Relephon"
"Wodan","1342.6","812.8","343.55","55.115","O-9","Inner Rim","Hapes Cluster","planet","legends","","https://starwars.fandom.com/wiki/Wodan"
"Divora","1340.9","814.1","341.609","53.704","O-9","Inner Rim","Hapes Cluster","planet","legends","","https://starwars.fandom.com/wiki/Divora"
"Algnadesh","1342.4","813.6","343.338","54.286","O-9","Inner Rim","Hapes Cluster","planet","legends","","https://starwars.fandom.com/wiki/Algnadesh"
"Sargon","1342","807.9","342.862","60.565","O-9","Inner Rim","Hapes Cluster","planet","legends","Rynmar Trail","https://starwars.fandom.com/wiki/Sargon"
"Febrini","1346.4","808.5","347.695","59.93","O-9","Inner Rim","Hapes Cluster","planet","legends","Rynmar Trail","https://starwars.fandom.com/wiki/Febrini"
"Zadaria","1347.1","809.4","348.453","58.854","O-9","Inner Rim","Hapes Cluster","planet","legends","","https://starwars.fandom.com/wiki/Zadaria"
"Phelope","1347.1","810.3","348.418","57.919","O-9","Inner Rim","Hapes Cluster","planet","legends","","https://starwars.fandom.com/wiki/Phelope"
"Jodaka","1340.7","818.3","341.383","49.158","O-9","Inner Rim","Hapes Cluster","planet","legends","","https://starwars.fandom.com/wiki/Jodaka"
"Stalsinek","1341","820.3","341.736","46.971","O-9","Inner Rim","Hapes Cluster","planet","legends","","https://starwars.fandom.com/wiki/Stalsinek"
"Nantuker","1343.1","822.2","344.092","44.87","O-9","Inner Rim","Hapes Cluster","planet","legends","","https://starwars.fandom.com/wiki/Nantuker"
"k'Farri","1346.2","824.5","347.496","42.348","O-9","Inner Rim","Hapes Cluster","planet","legends","","https://starwars.fandom.com/wiki/k%27Farri"
"Calfa","1354.1","820.2","356.104","47.04","O-9","Inner Rim","Hapes Cluster","planet","legends","","https://starwars.fandom.com/wiki/Calfa"
"Dreena","1356.2","818.1","358.468","49.333","O-9","Inner Rim","Hapes Cluster","planet","legends","","https://starwars.fandom.com/wiki/Dreena"
"Reboam","1357.7","814.2","360.144","53.672","O-9","Inner Rim","Hapes Cluster","planet","legends","","https://starwars.fandom.com/wiki/Reboam"
"Shedu Maad","1356.1","808.8","358.38","59.51","O-9","Inner Rim","Hapes Cluster","planet","legends","","https://starwars.fandom.com/wiki/Shedu_Maad"
"Terephon","1353.8","807.7","355.857","60.78","O-9","Inner Rim","Hapes Cluster","planet","legends","Hapan Spine","https://starwars.fandom.com/wiki/Terephon"
"Zalori","1353.6","807.1","355.628","61.451","O-9","Inner Rim","Hapes Cluster","planet","legends","Hapan Spine | Rynmar Trail","https://starwars.fandom.com/wiki/Zalori"
"Orelon","1349.7","804.2","351.351","64.62","O-9","Inner Rim","Hapes Cluster","planet","legends","","https://starwars.fandom.com/wiki/Orelon"
"Rynmar","1351.8","806.2","353.594","62.461","O-9","Inner Rim","Hapes Cluster","planet","legends","Rynmar Trail","https://starwars.fandom.com/wiki/Rynmar"
"Rainboh","1354","805.2","356.007","63.534","O-9","Inner Rim","Hapes Cluster","planet","legends","","https://starwars.fandom.com/wiki/Rainboh"
"Roqoo Depot","1359.6","806.2","362.227","62.382","O-9","Inner Rim","Hapes Cluster","station","legends","Hapan Spine","https://starwars.fandom.com/wiki/Roqoo_Depot"
"Talcharaim","1344.7","815.9","345.801","51.708","O-9","Inner Rim","Hapes Cluster","planet","legends","","https://starwars.fandom.com/wiki/Talcharaim"
"Sivoria","1344.5","815","345.575","52.695","O-9","Inner Rim","Hapes Cluster","planet","legends","","https://starwars.fandom.com/wiki/Sivoria"
"Farnica","1344.5","814.2","345.604","53.627","O-9","Inner Rim","Hapes Cluster","planet","legends","","https://starwars.fandom.com/wiki/Farnica"
"Novi","1344.6","813.4","345.745","54.488","O-9","Inner Rim","Hapes Cluster","planet","legends","","https://starwars.fandom.com/wiki/Novi"
"Gallinore","1345","812.6","346.14","55.334","O-9","Inner Rim","Hapes Cluster","planet","legends","","https://starwars.fandom.com/wiki/Gallinore"
"Baldavia","1345.7","813.1","346.902","54.812","O-9","Inner Rim","Hapes Cluster","planet","legends","","https://starwars.fandom.com/wiki/Baldavia"
"Theselon","1346.5","813.3","347.763","54.586","O-9","Inner Rim","Hapes Cluster","planet","legends","","https://starwars.fandom.com/wiki/Theselon"
"Millinar","1346.3","814.3","347.636","53.57","O-9","Inner Rim","Hapes Cluster","planet","legends","","https://starwars.fandom.com/wiki/Millinar"
"Lalmy'ash","1346.5","815.1","347.805","52.667","O-9","Inner Rim","Hapes Cluster","planet","legends","","https://starwars.fandom.com/wiki/Lalmy'ash"
"Archais","1346.9","815.7","348.242","51.976","O-9","Inner Rim","Hapes Cluster","planet","legends","","https://starwars.fandom.com/wiki/Archais"
"Selab","1347.9","816","349.343","51.609","O-9","Inner Rim","Hapes Cluster","planet","legends","","https://starwars.fandom.com/wiki/Selab"
"Jovaria","1349.2","816.3","350.811","51.355","O-9","Inner Rim","Hapes Cluster","planet","legends","","https://starwars.fandom.com/wiki/Jovaria"
"Thrakia","1350.1","816.8","351.714","50.762","O-9","Inner Rim","Hapes Cluster","planet","legends","","https://starwars.fandom.com/wiki/Thrakia"
"Lemmi","1350.1","815.9","351.742","51.778","O-9","Inner Rim","Hapes Cluster","planet","legends","","https://starwars.fandom.com/wiki/Lemmi"
"Harterra","1348.4","815.6","349.893","52.06","O-9","Inner Rim","Hapes Cluster","planet","legends","","https://starwars.fandom.com/wiki/Harterra"
"Ut","1348.9","815.1","350.387","52.625","O-9","Inner Rim","Hapes Cluster","planet","legends","","https://starwars.fandom.com/wiki/Ut"
"Arabanth","1348.8","813.7","350.317","54.219","O-9","Inner Rim","Hapes Cluster","planet","legends","","https://starwars.fandom.com/wiki/Arabanth"
"Carlania","1348.5","812.7","350.049","55.236","O-9","Inner Rim","Hapes Cluster","planet","legends","","https://starwars.fandom.com/wiki/Carlania"
"Ediorung","1348","811.9","349.442","56.195","O-9","Inner Rim","Hapes Cluster","planet","legends","","https://starwars.fandom.com/wiki/Ediorung"
"Tumani","1349.1","811.9","350.698","56.11","O-9","Inner Rim","Hapes Cluster","planet","legends","","https://starwars.fandom.com/wiki/Tumani"
"Tinta","1350","812.3","351.657","55.687","O-9","Inner Rim","Hapes Cluster","planet","legends","","https://starwars.fandom.com/wiki/Tinta"
"Rbollea","1350.5","812.7","352.165","55.264","O-9","Inner Rim","Hapes Cluster","planet","legends","","https://starwars.fandom.com/wiki/Rbollea"
"Porus Vida","1380.8","829.2","385.484","37.137","O-9","Inner Rim","Sin sector registrado","planet","legends","Lesser Lantillian Route","https://starwars.fandom.com/wiki/Porus_Vida"
"Ambria","1367.3","875.9","370.708","-14.22","O-10","Inner Rim","Airon","planet","legends","Lesser Lantillian Route","https://starwars.fandom.com/wiki/Ambria"
"Taboon","1365.7","884","368.951","-23.097","O-10","Inner Rim","Airon","planet","legends","Lesser Lantillian Route","https://starwars.fandom.com/wiki/Taboon"
"Ithull","1372.3","885.2","376.164","-24.392","O-10","Inner Rim","Airon","planet","legends","","https://starwars.fandom.com/wiki/Ithull"
"Merson","1364.3","896.2","367.379","-36.505","O-10","Inner Rim","Airon","planet","legends","Lesser Lantillian Route","https://starwars.fandom.com/wiki/Merson"
"Virujansi","1366.2","910.8","369.413","-52.503","O-10","Inner Rim","Sin sector registrado","planet","canon","Great Kashyyyk Branch | Trellen Trade Route","https://starwars.fandom.com/wiki/Virujansi"
"Zeltros","1351.2","926.3","353.019","-69.569","O-10","Inner Rim","Sin sector registrado","planet","canon","Great Kashyyyk Branch | Lesser Lantillian Route | Lorell Route | Trellen Trade Route","https://starwars.fandom.com/wiki/Zeltros"
"Mattri","1346.6","945","347.933","-90.097","O-10","Inner Rim","Sin sector registrado","planet","legends","","https://starwars.fandom.com/wiki/Mattri_system"
"Rasterous","1309.1","945.6","306.691","-90.745","O-10","Inner Rim","Sin sector registrado","planet","legends","Trellen Trade Route","https://starwars.fandom.com/wiki/Rasterous"
"Cona","1327.5","972.3","326.942","-120.151","O-11","Inner Rim","Inner Cluster","planet","legends","","https://starwars.fandom.com/wiki/Cona"
"Manaan","1319.4","994.2","317.972","-144.193","O-11","Inner Rim","Sin sector registrado","planet","canon","","https://starwars.fandom.com/wiki/Manaan"
"Truuine","1307.6","1032.4","305.026","-186.175","O-11","Inner Rim","Sin sector registrado","planet","legends","","https://starwars.fandom.com/wiki/Truuine"
"Tal Nami","1660.2","859.5","692.492","3.797","R-9","Hutt Space","Hutt Space","planet","legends","","https://starwars.fandom.com/wiki/Tal_Nami"
"Alee","1652.8","837.6","684.377","27.873","R-9","Hutt Space","Hutt Space","planet","legends","","https://starwars.fandom.com/wiki/Alee"
"Keldooine","1627.8","939.5","656.919","-84.046","R-10","Hutt Space","Hutt Space","planet","legends","Ootmian Pabol","https://starwars.fandom.com/wiki/Keldooine"
"Nar Bo Sholla","1654.2","948.3","685.92","-93.735","R-10","Hutt Space","Hutt Space","planet","legends","Ootmian Pabol","https://starwars.fandom.com/wiki/Nar_Bo_Sholla"
"Ilos","1646.9","887","677.863","-26.352","R-10","Hutt Space","Hutt Space","planet","legends","Pabol Sleheyron","https://starwars.fandom.com/wiki/Ilos"
"Ilos Minor","1659.3","890.8","691.515","-30.562","R-10","Hutt Space","Hutt Space","planet","legends","Pabol Sleheyron","https://starwars.fandom.com/wiki/Ilos_Minor"
"Kleeva","1655.5","1033.5","687.331","-187.311","R-11","Hutt Space","Hutt Space","planet","legends","","https://starwars.fandom.com/wiki/Kleeva"
"Toydaria","1640.9","1018.4","671.357","-170.813","R-11","Hutt Space","Hutt Space","planet","canon","","https://starwars.fandom.com/wiki/Toydaria"
"Tol Amn","1609.4","1009","636.659","-160.469","R-11","Hutt Space","Hutt Space","planet","legends","","https://starwars.fandom.com/wiki/Tol_Amn"
"Runaway Prince","1619.6","989.8","647.919","-139.389","R-11","Hutt Space","Hutt Space","planet","legends","","https://starwars.fandom.com/wiki/Runaway_Prince"
"Jilrua","1622.6","1055.1","651.261","-211.107","R-12","Hutt Space","Hutt Space","planet","canon","","https://starwars.fandom.com/wiki/Jilrua"
"Ganath","1654.7","1062.9","686.526","-219.661","R-12","Hutt Space","Hutt Space","planet","legends","","https://starwars.fandom.com/wiki/Ganath"
"Ques","1736","769.2","775.797","103.063","S-8","Hutt Space","Hutt Space","planet","canon","Kegan Run","https://starwars.fandom.com/wiki/Ques"
"Terman","1732.2","766.6","771.673","105.898","S-8","Hutt Space","Hutt Space","planet","legends","","https://starwars.fandom.com/wiki/Terman"
"Cyborrea","1699.7","846.1","735.978","18.605","S-9","Hutt Space","Hutt Space","planet","legends","","https://starwars.fandom.com/wiki/Cyborrea"
"Dirha","1717.2","793","755.201","76.915","S-9","Hutt Space","Hutt Space","planet","legends","","https://starwars.fandom.com/wiki/Dirha"
"Kafane","1738.8","817.9","778.9","49.55","S-9","Hutt Space","Hutt Space","planet","legends","Varl Run","https://starwars.fandom.com/wiki/Kafane"
"Klatooine","1734.7","775.4","774.4","96.254","S-9","Hutt Space","Hutt Space","planet","canon","","https://starwars.fandom.com/wiki/Klatooine"
"Nimia","1740.4","773.8","780.685","98","S-9","Hutt Space","Hutt Space","planet","legends","Varl Run","https://starwars.fandom.com/wiki/Nimia"
"Vontor","1735.7","775.5","775.541","96.157","S-9","Hutt Space","Hutt Space","planet","legends","","https://starwars.fandom.com/wiki/Vontor"
"Nar Kreeta","1675.4","895.4","709.26","-35.558","S-10","Hutt Space","Hutt Space","planet","legends","Pabol Sleheyron","https://starwars.fandom.com/wiki/Nar_Kreeta"
"Nimban","1688.1","893.6","723.207","-33.631","S-10","Hutt Space","Hutt Space","planet","legends","Pabol Sleheyron","https://starwars.fandom.com/wiki/Nimban"
"Sionia","1695.8","878.6","731.614","-17.183","S-10","Hutt Space","Hutt Space","planet","legends","","https://starwars.fandom.com/wiki/Sionia"
"Mulatan","1720.8","939.5","759.099","-84.105","S-10","Hutt Space","Hutt Space","planet","legends","Pabol Hutta","https://starwars.fandom.com/wiki/Mulatan"
"Langoona","1740.1","951.1","780.311","-96.773","S-10","Hutt Space","Hutt Space","planet","legends","","https://starwars.fandom.com/wiki/Langoona"
"Zisia","1755.9","905.1","797.703","-46.276","S-10","Hutt Space","Hutt Space","planet","legends","Varl Run","https://starwars.fandom.com/wiki/Zisia"
"Ulmatra","1754.5","879.1","796.197","-17.688","S-10","Hutt Space","Hutt Space","planet","canon","Pabol Sleheyron | Varl Run","https://starwars.fandom.com/wiki/Ulmatra"
"Sleheyron","1730.5","883.6","769.783","-22.63","S-10","Hutt Space","Hutt Space","planet","canon","Pabol Hutta | Pabol Sleheyron","https://starwars.fandom.com/wiki/Sleheyron"
"Kor Nasirii","1704.7","915.1","741.377","-57.225","S-10","Hutt Space","Hutt Space","planet","legends","","https://starwars.fandom.com/wiki/Kor_Nasirii"
"Kor Vosadii","1701.9","926.7","738.37","-69.965","S-10","Hutt Space","Hutt Space","planet","legends","","https://starwars.fandom.com/wiki/Kor_Vosadii"
"Kor Besadii","1710.8","927.7","748.101","-71.115","S-10","Hutt Space","Hutt Space","planet","legends","","https://starwars.fandom.com/wiki/Kor_Besadii"
"Kor Hestilic","1709.8","936.5","747.039","-80.758","S-10","Hutt Space","Hutt Space","planet","legends","","https://starwars.fandom.com/wiki/Kor_Hestilic"
"Kor Nijiladii","1717.3","930.4","755.267","-74.034","S-10","Hutt Space","Hutt Space","planet","legends","","https://starwars.fandom.com/wiki/Kor_Nijiladii"
"Nar Chunna","1711.2","950.7","748.543","-96.416","S-10","Hutt Space","Hutt Space","planet","legends","","https://starwars.fandom.com/wiki/Nar_Chunna"
"Bootana Shagplan","1746.4","951.1","787.292","-96.77","S-10","Hutt Space","Hutt Space","planet","legends","","https://starwars.fandom.com/wiki/Bootana_Shagplan"
"Du Hutta","1678.9","1019.4","713.125","-171.861","S-11","Hutt Space","Hutt Space","planet","legends","Ootmian Pabol","https://starwars.fandom.com/wiki/Du_Hutta"
"Hosko","1706.7","1028.3","743.633","-181.681","S-11","Hutt Space","Hutt Space","planet","legends","Pabol Hutta","https://starwars.fandom.com/wiki/Hosko"
"Varl","1730.8","1004.7","770.065","-155.661","S-11","Hutt Space","Hutt Space","planet","legends","Pabol Hutta | Varl Run","https://starwars.fandom.com/wiki/Varl"
"Sakiya","1733","980.2","772.553","-128.819","S-11","Hutt Space","Hutt Space","planet","canon","","https://starwars.fandom.com/wiki/Sakiya"
"Gos Hutta","1720.3","969.9","758.543","-117.428","S-11","Hutt Space","Hutt Space","planet","legends","Pabol Hutta","https://starwars.fandom.com/wiki/Gos_Hutta"
"Da Soocha","1748.3","992.5","789.312","-142.305","S-11","Hutt Space","Hutt Space","planet","legends","","https://starwars.fandom.com/wiki/Da_Soocha"
"Irith","1671.1","981.2","704.541","-129.903","S-11","Hutt Space","Hutt Space","planet","legends","Ootmian Pabol","https://starwars.fandom.com/wiki/Irith"
"Kor Utoradii","1702.6","964.4","739.077","-111.456","S-11","Hutt Space","Hutt Space","planet","legends","","https://starwars.fandom.com/wiki/Kor_Utoradii"
"Kor Hunamma","1708","977.3","745.093","-125.611","S-11","Hutt Space","Hutt Space","planet","legends","","https://starwars.fandom.com/wiki/Kor_Hunamma"
"Kor Usilic","1713.8","965.6","751.463","-112.694","S-11","Hutt Space","Hutt Space","planet","legends","","https://starwars.fandom.com/wiki/Kor_Usilic"
"Pybus","1712.1","988.5","749.516","-137.908","S-11","Hutt Space","Hutt Space","planet","legends","","https://starwars.fandom.com/wiki/Pybus"
"Kor Oktanivii","1714.8","977","752.524","-125.257","S-11","Hutt Space","Hutt Space","planet","legends","","https://starwars.fandom.com/wiki/Kor_Oktanivii"
"Kor Desilijic","1726.6","962.8","765.529","-109.687","S-11","Hutt Space","Hutt Space","planet","legends","","https://starwars.fandom.com/wiki/Kor_Desilijic"
"Huloon","1731.1","958.8","770.395","-105.263","S-11","Hutt Space","Hutt Space","planet","legends","","https://starwars.fandom.com/wiki/Huloon"
"Kor Anjiliac","1736.8","955.7","776.676","-101.901","S-11","Hutt Space","Hutt Space","planet","legends","","https://starwars.fandom.com/wiki/Kor_Anjiliac"
"Groth","1732.1","970.5","771.545","-118.091","S-11","Hutt Space","Hutt Space","planet","legends","","https://starwars.fandom.com/wiki/Groth"
"Kor Jiramma","1737.9","965.9","777.914","-113.048","S-11","Hutt Space","Hutt Space","planet","legends","","https://starwars.fandom.com/wiki/Kor_Jiramma"
"Kor Gejalli","1737.9","974.9","777.914","-122.957","S-11","Hutt Space","Hutt Space","planet","legends","","https://starwars.fandom.com/wiki/Kor_Gejalli"
"Kor Trinivii","1746","969.5","786.761","-117.029","S-11","Hutt Space","Hutt Space","planet","legends","","https://starwars.fandom.com/wiki/Kor_Trinivii"
"Sakidopa","1739.6","985.5","779.772","-134.634","S-11","Hutt Space","Hutt Space","planet","legends","","https://starwars.fandom.com/wiki/Sakidopa"
"Sakiduba","1734.5","989.2","774.199","-138.704","S-11","Hutt Space","Hutt Space","planet","legends","","https://starwars.fandom.com/wiki/Sakiduba"
"Nal Hutta & Nar Shaddaa","1670.6","1050.3","703.988","-205.807","S-12","Hutt Space","Hutt Space","planet","canon","Pabol Hutta | Shag Pabol","https://starwars.fandom.com/wiki/Nal_Hutta"
"Circumtore","1674.9","1085.5","708.697","-244.452","S-12","Hutt Space","Hutt Space","planet","legends","","https://starwars.fandom.com/wiki/Circumtore"
"Carnovia","1674.8","1128","708.523","-291.239","S-12","Hutt Space","Hutt Space","planet","legends","","https://starwars.fandom.com/wiki/Carnovia"
"Affavan","1698","1098.8","734.011","-259.116","S-12","Hutt Space","Hutt Space","planet","legends","","https://starwars.fandom.com/wiki/Affavan"
"Hollastin","1721","1108.5","759.325","-269.766","S-12","Hutt Space","Hutt Space","planet","legends","","https://starwars.fandom.com/wiki/Hollastin"
"Aylayl","1747.9","1126.4","788.951","-289.467","S-12","Hutt Space","Hutt Space","planet","legends","","https://starwars.fandom.com/wiki/Aylayl"
"Rorak","1700.6","1070.8","736.976","-228.396","S-12","Hutt Space","Hutt Space","planet","legends","Shag Pabol","https://starwars.fandom.com/wiki/Rorak_4"
"Diyu","1744.9","1061.1","785.625","-217.689","S-12","Hutt Space","Hutt Space","planet","legends","Shag Pabol","https://starwars.fandom.com/wiki/Diyu"
"Nar Kaaga","1671.1","1164.2","704.507","-331.043","S-13","Hutt Space","Hutt Space","planet","legends","","https://starwars.fandom.com/wiki/Nar_Kaaga"
"Xolu","1716.1","1160.9","753.913","-327.377","S-13","Hutt Space","Hutt Space","planet","legends","","https://starwars.fandom.com/wiki/Xolu"
"Far Pando","1725.3","1198.2","764.039","-368.403","S-13","Hutt Space","Hutt Space","planet","legends","","https://starwars.fandom.com/wiki/Far_Pando"
"Near Pando","1739.3","1237.8","779.45","-411.86","S-14","Hutt Space","Hutt Space","planet","legends","","https://starwars.fandom.com/wiki/Near_Pando"
"Elgit","1763","933.5","805.45","-77.427","T-10","Hutt Space","Hutt Space","planet","legends","Elgit-M'Hanna Corridor | Varl Run","https://starwars.fandom.com/wiki/Elgit"
"Usk","1785.5","940.7","830.197","-85.382","T-10","Hutt Space","Hutt Space","planet","legends","Varl Run","https://starwars.fandom.com/wiki/Usk"
"Moralan","1788.2","926","833.143","-69.277","T-10","Hutt Space","Hutt Space","planet","legends","","https://starwars.fandom.com/wiki/Moralan"
"Tisht","1803","1024.4","849.416","-177.31","T-11","Hutt Space","Hutt Space","planet","legends","Varl Run","https://starwars.fandom.com/wiki/Tisht"
"Nar Haaska","1831.7","998.6","881.015","-149.028","T-11","Hutt Space","Hutt Space","planet","legends","","https://starwars.fandom.com/wiki/Nar_Haaska"
"Saqqar","1803.9","986.9","850.463","-136.109","T-11","Hutt Space","Hutt Space","planet","legends","Varl Run","https://starwars.fandom.com/wiki/Saqqar"
"M'Hanna","1771.7","1011.3","815.024","-162.994","T-11","Hutt Space","Hutt Space","planet","legends","Elgit-M'Hanna Corridor | Varl Run","https://starwars.fandom.com/wiki/M%27Hanna"
"The Godsheart","1785.3","983.7","830.037","-132.618","T-11","Hutt Space","Hutt Space","planet","legends","","https://starwars.fandom.com/wiki/The_Godsheart"
"Sakifwanna","1761.1","970.5","803.388","-118.083","T-11","Hutt Space","Hutt Space","planet","legends","Elgit-M'Hanna Corridor","https://starwars.fandom.com/wiki/Sakifwanna"
"Ylesia","1799.2","1057.7","845.229","-213.964","T-12","Hutt Space","Hutt Space","planet","canon","Shag Pabol","https://starwars.fandom.com/wiki/Ylesia"
"Riileb","1786.7","1091.6","831.548","-251.234","T-12","Hutt Space","Hutt Space","planet","legends","","https://starwars.fandom.com/wiki/Riileb"
"Poytta","1809","1054","855.999","-209.905","T-12","Hutt Space","Hutt Space","planet","legends","","https://starwars.fandom.com/wiki/Poytta"
"Ziugen","1826.6","1060.7","875.384","-217.288","T-12","Hutt Space","Hutt Space","planet","legends","Shag Pabol","https://starwars.fandom.com/wiki/Ziugen"
"Outland Transit","1845.4","1059.2","896.072","-215.586","T-12","Hutt Space","Hutt Space","planet","legends","Shag Pabol","https://starwars.fandom.com/wiki/Outland_Transit"
"Tsyk","1764","1145.2","806.583","-310.067","T-13","Hutt Space","Hutt Space","planet","legends","","https://starwars.fandom.com/wiki/Tsyk"
"Cerea","809.4","1467.5","-242.428","-664.301","I-16","Mid Rim","Semagi","planet","canon","Cerean Reach | Great Gran Run | Spar Trade Route","https://starwars.fandom.com/wiki/Cerea"
"Cheelit","822.1","1480.8","-228.45","-678.913","I-16","Mid Rim","Semagi","planet","legends","Cerean Reach","https://starwars.fandom.com/wiki/Cheelit"
"Marzoon","785.4","1440.1","-268.794","-634.123","I-16","Mid Rim","Marzoon","planet","legends","","https://starwars.fandom.com/wiki/Marzoon"
"Bastooine","825.6","1533.9","-224.638","-737.205","I-17","Mid Rim","Graador","planet","legends","","https://starwars.fandom.com/wiki/Bastooine"
"Corbett CLuster","813","1510.3","-238.457","-711.315","I-17","Mid Rim","Corbett","misc","legends","","https://starwars.fandom.com/wiki/Corbett_Cluster"
"Koba","852","1491.1","-195.572","-690.191","J-16","Mid Rim","Narrant","planet","legends","Cerean Reach","https://starwars.fandom.com/wiki/Koba"
"Riflor","863.3","1498.4","-183.183","-698.291","J-16","Mid Rim","Narrant","planet","legends","Cerean Reach","https://starwars.fandom.com/wiki/Riflor"
"Chalcedon","837.6","1444.2","-211.455","-638.729","I-16","Mid Rim","Tashtor","planet","legends","Great Gran Run","https://starwars.fandom.com/wiki/Chalcedon"
"Tashtor Seneca","851.3","1439.5","-196.366","-633.487","J-16","Mid Rim","Tashtor","planet","legends","Great Gran Run","https://starwars.fandom.com/wiki/Tashtor_Seneca"
"Iast","888.6","1571.1","-155.388","-778.184","J-17","Mid Rim","Aldino","planet","legends","","https://starwars.fandom.com/wiki/Iast"
"Halm","874.4","1436.4","-170.953","-630.152","J-16","Mid Rim","Halm","planet","legends","Great Gran Run","https://starwars.fandom.com/wiki/Halm"
"Petabys Station","860.3","1437.5","-186.519","-631.264","J-16","Mid Rim","Halm","station","legends","Great Gran Run","https://starwars.fandom.com/wiki/Petabys_Station"
"Kaal","963.4","1538.5","-73.217","-742.332","K-17","Mid Rim","Yushan","planet","legends","Corellian Trade Spine","https://starwars.fandom.com/wiki/Kaal"
"Abraxas","987.8","1545.6","-46.374","-750.115","K-17","Mid Rim","Yushan","planet","legends","","https://starwars.fandom.com/wiki/Abraxas"
"Dalisor","960.8","1555.6","-76.076","-761.074","K-17","Mid Rim","Yushan","planet","legends","Corellian Trade Spine","https://starwars.fandom.com/wiki/Dalisor"
"Rrulinn","949.8","1562.7","-88.147","-768.857","K-17","Mid Rim","Yushan","planet","legends","","https://starwars.fandom.com/wiki/Rrulinn"
"Jiroch","963.5","1573.6","-73.058","-780.928","K-17","Mid Rim","Yushan","planet","legends","Corellian Trade Spine","https://starwars.fandom.com/wiki/Jiroch"
"Quamar","963.7","1587.8","-72.899","-796.494","K-17","Mid Rim","Bruanii","planet","legends","Corellian Trade Spine","https://starwars.fandom.com/wiki/Quamar"
"Mugaar","955.8","1600","-81.511","-809.884","K-18","Mid Rim","Bruanii","planet","legends","Corellian Trade Spine","https://starwars.fandom.com/wiki/Mugaar"
"Cargamalis","957.3","1598.3","-79.85","-808.016","K-18","Mid Rim","Bruanii","planet","canon","Corellian Trade Spine","https://starwars.fandom.com/wiki/Cargamalis"
"Lorta","933.4","1570.9","-106.149","-777.866","J-17","Mid Rim","Gendius","planet","legends","Cerean Reach","https://starwars.fandom.com/wiki/Lorta"
"Quaensan Prime","936","1555","-103.29","-760.394","J-17","Mid Rim","Gendius","planet","legends","Cerean Reach","https://starwars.fandom.com/wiki/Quaensan_Prime"
"Porchello","896.1","1560","-147.128","-765.954","J-17","Mid Rim","Elbaran","planet","legends","","https://starwars.fandom.com/wiki/Porchello"
"Elbara","920.7","1529.8","-120.127","-732.758","J-17","Mid Rim","Elbaran","planet","legends","Cerean Reach","https://starwars.fandom.com/wiki/Elbara"
"Hirsi","914.3","1524.9","-127.115","-727.357","J-17","Mid Rim","Elbaran","planet","legends","Cerean Reach","https://starwars.fandom.com/wiki/Hirsi"
"Barcaria","952.2","1472.1","-85.501","-669.383","K-16","Mid Rim","Sombure","planet","legends","","https://starwars.fandom.com/wiki/Barcaria"
"Balis-Baurgh","953.8","1479.7","-83.754","-677.643","K-16","Mid Rim","Sombure","planet","legends","","https://starwars.fandom.com/wiki/Balis-Baurgh"
"Ichtor","943.2","1490.4","-95.349","-689.396","K-16","Mid Rim","Sombure","planet","legends","","https://starwars.fandom.com/wiki/Ichtor"
"D'rinba","964.1","1505.4","-72.422","-705.96","K-17","Mid Rim","Sombure","planet","legends","","https://starwars.fandom.com/wiki/D'rinba"
"Chibias","968.7","1516","-67.34","-717.554","K-17","Mid Rim","Sombure","planet","legends","Corellian Trade Spine","https://starwars.fandom.com/wiki/Chibias"
"Miztoc","1016.7","1527","-14.607","-729.626","K-17","Mid Rim","Irnaj","planet","legends","D'aelgoth Trade Route","https://starwars.fandom.com/wiki/Miztoc"
"Bomis Koori","975.1","1488.7","-60.351","-687.535","K-16","Mid Rim","Wornal","planet","legends","Corellian Trade Spine","https://starwars.fandom.com/wiki/Bomis_Koori"
"Kriselist","973.3","1498.1","-62.257","-697.859","K-16","Mid Rim","Wornal","planet","legends","Corellian Trade Spine | D'aelgoth Trade Route","https://starwars.fandom.com/wiki/Kriselist"
"Naalol","1048.8","1507","20.653","-707.707","L-17","Mid Rim","Spirva","planet","canon","","https://starwars.fandom.com/wiki/Naalol"
"Cyphar","1038.2","1540.7","9.059","-744.715","L-17","Mid Rim","Spirva","planet","canon","D'aelgoth Trade Route","https://starwars.fandom.com/wiki/Cyphar"
"Feenix","1027.3","1535.3","-3.013","-738.838","K-17","Mid Rim","D'Aelgoth","planet","legends","D'aelgoth Trade Route","https://starwars.fandom.com/wiki/Feenix"
"Ogem","1037.5","1565.8","8.252","-772.356","L-17","Mid Rim","D'Aelgoth","planet","canon","D'aelgoth Trade Route","https://starwars.fandom.com/wiki/Ogem"
"Tarsa","1031","1569","1.144","-775.802","L-17","Mid Rim","D'Aelgoth","planet","legends","","https://starwars.fandom.com/wiki/Tarsa"
"Selenius","1040.2","1570.5","11.154","-777.433","L-17","Mid Rim","D'Aelgoth","planet","legends","D'aelgoth Trade Route","https://starwars.fandom.com/wiki/Selenius"
"New Cylimba","1059.1","1570","32.025","-776.875","L-17","Mid Rim","D'Aelgoth","planet","legends","","https://starwars.fandom.com/wiki/New_Cylimba"
"Dasoor","1024.6","1603.8","-5.954","-814.104","K-18","Mid Rim","Agarix","planet","legends","","https://starwars.fandom.com/wiki/Dasoor"
"Mussubir","1048.1","1573.6","19.841","-780.843","L-17","Mid Rim","Senex","planet","legends","","https://starwars.fandom.com/wiki/Mussubir"
"Skartis","1052.4","1576.5","24.586","-784.098","L-17","Mid Rim","Senex","planet","legends","","https://starwars.fandom.com/wiki/Skartis"
"Cyimarra","1053.7","1573.5","26.086","-780.821","L-17","Mid Rim","Senex","planet","legends","","https://starwars.fandom.com/wiki/Cyimarra"
"Veron","1058.6","1574.9","31.443","-782.325","L-17","Mid Rim","Senex","planet","legends","","https://starwars.fandom.com/wiki/Veron"
"Presteen","1058.9","1578","31.717","-785.756","L-17","Mid Rim","Senex","planet","legends","","https://starwars.fandom.com/wiki/Presteen"
"Paramatan","1053.8","1580.5","26.146","-788.416","L-17","Mid Rim","Senex","planet","legends","","https://starwars.fandom.com/wiki/Paramatan"
"Nantama","1052.8","1583.9","25.065","-792.23","L-17","Mid Rim","Senex","planet","legends","","https://starwars.fandom.com/wiki/Nantama"
"Rulaar","1055.6","1582.8","28.13","-790.973","L-17","Mid Rim","Senex","planet","legends","","https://starwars.fandom.com/wiki/Rulaar"
"Aquella","1057","1585.5","29.651","-793.95","L-17","Mid Rim","Senex","planet","legends","","https://starwars.fandom.com/wiki/Aquella"
"Caltinia","1060.2","1583.1","33.157","-791.326","L-17","Mid Rim","Senex","planet","legends","","https://starwars.fandom.com/wiki/Caltinia"
"Adoris","1063.4","1584.4","36.729","-792.693","L-17","Mid Rim","Senex","planet","legends","","https://starwars.fandom.com/wiki/Adoris"
"Knores","1068.9","1583.6","42.77","-791.833","L-17","Mid Rim","Senex","planet","legends","","https://starwars.fandom.com/wiki/Knores"
"Nepoy","1062.3","1587.2","35.5","-795.852","L-17","Mid Rim","Senex","planet","legends","","https://starwars.fandom.com/wiki/Nepoy"
"Nars","1066.9","1588.1","40.496","-796.778","L-17","Mid Rim","Senex","planet","legends","","https://starwars.fandom.com/wiki/Nars"
"Neelanon","1070.7","1587.8","44.706","-796.461","L-17","Mid Rim","Senex","planet","legends","Ado Spine","https://starwars.fandom.com/wiki/Neelanon"
"Senex","1070.7","1582.7","44.686","-790.851","L-17","Mid Rim","Senex","planet","legends","Ado Spine","https://starwars.fandom.com/wiki/Senex"
"Crovna","1073.2","1589.3","47.486","-798.112","L-17","Mid Rim","Senex","planet","legends","","https://starwars.fandom.com/wiki/Crovna"
"Asmeru","1074.5","1588.9","48.853","-797.706","L-17","Mid Rim","Senex","planet","canon","","https://starwars.fandom.com/wiki/Asmeru"
"Asmeru Anomaly","1074.4","1589","48.825","-797.803","L-17","Mid Rim","Senex","misc","legends","","https://starwars.fandom.com/wiki/Asmeru_Anomaly"
"Karfeddion","1065","1596.3","38.44","-805.829","L-18","Mid Rim","Senex","planet","legends","Ado Spine | D'aelgoth Trade Route","https://starwars.fandom.com/wiki/Karfeddion"
"Hutlar","1064.4","1591.5","37.811","-800.504","L-18","Mid Rim","Senex","planet","legends","","https://starwars.fandom.com/wiki/Hutlar"
"Fengrine","1068.7","1593","42.485","-802.16","L-18","Mid Rim","Senex","planet","legends","Ado Spine","https://starwars.fandom.com/wiki/Fengrine"
"Angratha","1074.1","1593","48.438","-802.187","L-18","Mid Rim","Senex","planet","legends","","https://starwars.fandom.com/wiki/Angratha"
"Hestria","1073.8","1596.8","48.174","-806.367","L-18","Mid Rim","Senex","planet","legends","","https://starwars.fandom.com/wiki/Hestria"
"Kedorzha","1075.2","1600.6","49.629","-810.6","L-18","Mid Rim","Senex","planet","legends","","https://starwars.fandom.com/wiki/Kedorzha"
"Simoom","1071.8","1598.8","45.898","-808.563","L-18","Mid Rim","Senex","planet","legends","","https://starwars.fandom.com/wiki/Simoom"
"Hovan","1069.6","1601.8","43.464","-811.923","L-18","Mid Rim","Senex","planet","legends","","https://starwars.fandom.com/wiki/Hovan"
"Serat","1067.8","1600.4","41.559","-810.362","L-18","Mid Rim","Senex","planet","legends","","https://starwars.fandom.com/wiki/Serat"
"Yetoom","1058.8","1605.3","31.677","-815.769","L-18","Mid Rim","Senex","planet","legends","D'aelgoth Trade Route","https://starwars.fandom.com/wiki/Yetoom"
"Tekurr'k","1061.7","1601.4","34.852","-811.469","L-18","Mid Rim","Senex","planet","legends","D'aelgoth Trade Route","https://starwars.fandom.com/wiki/Tekurr'k"
"Port Evokk","1063.1","1599.6","36.329","-809.494","L-18","Mid Rim","Senex","planet","legends","D'aelgoth Trade Route","https://starwars.fandom.com/wiki/Port_Evokk"
"Antiquity","1060","1600.8","32.956","-810.786","L-18","Mid Rim","Senex","planet","legends","","https://starwars.fandom.com/wiki/Antiquity"
"Atron","1064","1598","37.414","-807.743","L-18","Mid Rim","Senex","planet","legends","D'aelgoth Trade Route","https://starwars.fandom.com/wiki/Atron"
"Jalarren","1061","1598","34.04","-807.694","L-18","Mid Rim","Senex","planet","legends","","https://starwars.fandom.com/wiki/Jalarren"
"Boro-borosa","1065.2","1601.3","38.732","-811.293","L-18","Mid Rim","Senex","planet","legends","","https://starwars.fandom.com/wiki/Boro-borosa"
"Shoon","1056.8","1600.3","29.472","-810.212","L-18","Mid Rim","Senex","planet","legends","","https://starwars.fandom.com/wiki/Shoon"
"Osmani","1055.6","1600.3","28.127","-810.19","L-18","Mid Rim","Senex","planet","legends","","https://starwars.fandom.com/wiki/Osmani"
"Kamur","1053","1603.1","25.322","-813.308","L-18","Mid Rim","Senex","planet","legends","","https://starwars.fandom.com/wiki/Kamur"
"Voorsbain","1061.7","1595.9","34.856","-805.406","L-18","Mid Rim","Senex","planet","legends","","https://starwars.fandom.com/wiki/Voorsbain"
"Varadan","1052.9","1601","25.12","-811.033","L-18","Mid Rim","Senex","planet","legends","","https://starwars.fandom.com/wiki/Varadan"
"Suliana","1057.7","1597.5","30.451","-807.192","L-18","Mid Rim","Senex","planet","legends","","https://starwars.fandom.com/wiki/Suliana"
"Tranthellix","1053.7","1599.4","26.046","-809.225","L-18","Mid Rim","Senex","planet","legends","","https://starwars.fandom.com/wiki/Tranthellix"
"Usnia","1052.5","1597.8","24.699","-807.508","L-18","Mid Rim","Senex","planet","legends","","https://starwars.fandom.com/wiki/Usnia"
"Doreen","1052.2","1596","24.436","-805.542","L-18","Mid Rim","Senex","planet","legends","","https://starwars.fandom.com/wiki/Doreen"
"Bator Bai","1054.2","1595.4","26.641","-804.841","L-18","Mid Rim","Senex","planet","legends","","https://starwars.fandom.com/wiki/Bator_Bai"
"Kalgo","1053","1593.1","25.305","-802.257","L-18","Mid Rim","Senex","planet","legends","D'aelgoth Trade Route","https://starwars.fandom.com/wiki/Kalgo"
"Denebia","1057.9","1594","30.614","-803.245","L-18","Mid Rim","Senex","planet","legends","D'aelgoth Trade Route","https://starwars.fandom.com/wiki/Denebia"
"Anturus","1062.8","1595","36.047","-804.374","L-18","Mid Rim","Senex","planet","legends","D'aelgoth Trade Route","https://starwars.fandom.com/wiki/Anturus"
"Umthyg","1028.7","1603.7","-1.417","-813.927","K-18","Mid Rim","Juvex","planet","legends","","https://starwars.fandom.com/wiki/Umthyg"
"Arporatal-Lanin","1028.3","1601.1","-1.836","-811.103","K-18","Mid Rim","Juvex","planet","legends","","https://starwars.fandom.com/wiki/Arporatal-Lanin"
"Farstone","1029.2","1605.6","-0.923","-816.039","K-18","Mid Rim","Juvex","planet","legends","","https://starwars.fandom.com/wiki/Farstone"
"Thull's Vault","1029.1","1598.4","-0.999","-808.087","K-18","Mid Rim","Juvex","planet","legends","","https://starwars.fandom.com/wiki/Thull's_Vault"
"Talhovi","1029.4","1596.5","-0.712","-806.036","K-18","Mid Rim","Juvex","planet","legends","","https://starwars.fandom.com/wiki/Talhovi"
"Little Talhovi","1029.3","1592.8","-0.791","-801.962","K-18","Mid Rim","Juvex","planet","legends","","https://starwars.fandom.com/wiki/Little_Talhovi"
"Valorsi","1033.3","1588.4","3.594","-797.103","L-17","Mid Rim","Juvex","planet","legends","","https://starwars.fandom.com/wiki/Valorsi"
"Carsanza","1035.5","1589.7","6.002","-798.565","L-17","Mid Rim","Juvex","planet","legends","","https://starwars.fandom.com/wiki/Carsanza"
"Malador","1039.3","1589.7","10.177","-798.612","L-17","Mid Rim","Juvex","planet","legends","D'aelgoth Trade Route","https://starwars.fandom.com/wiki/Malador"
"Yhifar","1036.6","1580.8","7.272","-788.76","L-17","Mid Rim","Juvex","planet","legends","","https://starwars.fandom.com/wiki/Yhifar"
"Kardura","1034.4","1581.9","4.856","-789.986","L-17","Mid Rim","Juvex","planet","legends","","https://starwars.fandom.com/wiki/Kardura"
"Dioll","1033.7","1584.2","4.053","-792.491","L-17","Mid Rim","Juvex","planet","legends","","https://starwars.fandom.com/wiki/Dioll"
"Thermon","1035.1","1584.9","5.623","-793.32","L-17","Mid Rim","Juvex","planet","legends","","https://starwars.fandom.com/wiki/Thermon"
"Ossiathora","1043.1","1581.4","14.372","-789.466","L-17","Mid Rim","Juvex","planet","legends","D'aelgoth Trade Route","https://starwars.fandom.com/wiki/Ossiathora"
"Zaria","1042.2","1586.6","13.375","-795.128","L-17","Mid Rim","Juvex","planet","legends","D'aelgoth Trade Route","https://starwars.fandom.com/wiki/Zaria"
"Anstares","1044.1","1585.4","15.51","-793.84","L-17","Mid Rim","Juvex","planet","legends","D'aelgoth Trade Route","https://starwars.fandom.com/wiki/Anstares"
"Kassido","1040.7","1579.9","11.735","-787.799","L-17","Mid Rim","Juvex","planet","legends","D'aelgoth Trade Route","https://starwars.fandom.com/wiki/Kassido"
"Deminol","1045.9","1583.5","17.512","-791.777","L-17","Mid Rim","Juvex","planet","legends","D'aelgoth Trade Route","https://starwars.fandom.com/wiki/Deminol"
"Manforgon","1044","1577.5","15.412","-785.151","L-17","Mid Rim","Juvex","planet","legends","","https://starwars.fandom.com/wiki/Manforgon"
"Velga","1039.5","1602.5","10.438","-812.689","L-18","Mid Rim","Juvex","planet","legends","D'aelgoth Trade Route","https://starwars.fandom.com/wiki/Velga"
"Dramassia","1033.9","1603.4","4.327","-813.574","L-18","Mid Rim","Juvex","planet","legends","","https://starwars.fandom.com/wiki/Dramassia"
"Q'mara","1039.1","1605.2","9.984","-815.633","L-18","Mid Rim","Juvex","planet","legends","","https://starwars.fandom.com/wiki/Q'mara"
"Pieldi","1036.1","1601.4","6.666","-811.382","L-18","Mid Rim","Juvex","planet","legends","D'aelgoth Trade Route","https://starwars.fandom.com/wiki/Pieldi"
"K'ath","1031.5","1598.9","1.609","-808.652","L-18","Mid Rim","Juvex","planet","legends","","https://starwars.fandom.com/wiki/K'ath"
"Pirralor","1035.4","1597.5","5.887","-807.093","L-18","Mid Rim","Juvex","planet","legends","D'aelgoth Trade Route","https://starwars.fandom.com/wiki/Pirralor"
"Zyluria","1033.9","1591.4","4.231","-800.47","L-18","Mid Rim","Juvex","planet","legends","","https://starwars.fandom.com/wiki/Zyluria"
"Resti Kel","1037.7","1592.7","8.496","-801.836","L-18","Mid Rim","Juvex","planet","legends","D'aelgoth Trade Route","https://starwars.fandom.com/wiki/Resti_Kel"
"Tyluun","1041.1","1594.7","12.226","-804.083","L-18","Mid Rim","Juvex","planet","legends","","https://starwars.fandom.com/wiki/Tyluun"
"Loovria","1044.7","1599.6","16.15","-809.463","L-18","Mid Rim","Juvex","planet","canon","D'aelgoth Trade Route","https://starwars.fandom.com/wiki/Loovria"
"Vulcar","1043.4","1595.1","14.695","-804.48","L-18","Mid Rim","Juvex","planet","legends","","https://starwars.fandom.com/wiki/Vulcar"
"Tinallis","1046.3","1597.1","17.941","-806.676","L-18","Mid Rim","Juvex","planet","legends","D'aelgoth Trade Route","https://starwars.fandom.com/wiki/Tinallis"
"Kimm Cresh","1047.3","1595.2","19.03","-804.661","L-18","Mid Rim","Juvex","planet","legends","D'aelgoth Trade Route","https://starwars.fandom.com/wiki/Kimm_Cresh"
"Kimm Besh","1047.8","1594.8","19.572","-804.202","L-18","Mid Rim","Juvex","planet","legends","D'aelgoth Trade Route","https://starwars.fandom.com/wiki/Kimm_Besh"
"Kimm Aurek","1048.2","1594.3","20.048","-803.664","L-18","Mid Rim","Juvex","planet","legends","D'aelgoth Trade Route","https://starwars.fandom.com/wiki/Kimm_Aurek"
"Juvex","1051","1593.2","23.025","-802.376","L-18","Mid Rim","Juvex","planet","legends","D'aelgoth Trade Route","https://starwars.fandom.com/wiki/Juvex"
"Eiattu","1110.7","1549.1","88.728","-753.928","L-17","Mid Rim","Ado","planet","legends","Ado Spine","https://starwars.fandom.com/wiki/Eiattu"
"Medth","1166.4","1525.5","149.878","-728.038","M-17","Mid Rim","Ado","planet","legends","Ado Spine | Rimma Trade Route","https://starwars.fandom.com/wiki/Medth"
"Indupar","1159.5","1527","142.254","-729.626","M-17","Mid Rim","Ado","planet","legends","Ado Spine","https://starwars.fandom.com/wiki/Indupar"
"Tshindral","1168.4","1541.1","152.102","-745.192","M-17","Mid Rim","Ado","planet","legends","Rimma Trade Route","https://starwars.fandom.com/wiki/Tshindral"
"StarForge Nebula","1126.6","1541.6","106.199","-745.668","M-17","Mid Rim","Ado","misc","legends","Ado Spine","https://starwars.fandom.com/wiki/StarForge_Nebula"
"Echnos","1115.5","1579.2","93.997","-787.011","L-17","Mid Rim","Hadar","planet","legends","","https://starwars.fandom.com/wiki/Echnos"
"Rindao","1071.6","1579.2","45.66","-787.05","L-17","Mid Rim","Hadar","planet","legends","Ado Spine","https://starwars.fandom.com/wiki/Rindao"
"Parada","1073.1","1575.5","47.353","-782.923","L-17","Mid Rim","Hadar","planet","legends","Ado Spine","https://starwars.fandom.com/wiki/Parada"
"Tibrin","1095.1","1592.4","71.583","-801.534","L-18","Mid Rim","Hadar","planet","canon","","https://starwars.fandom.com/wiki/Tibrin"
"Opiteihr","1198.8","1456","185.457","-651.64","M-16","Mid Rim","Var Hagen","planet","legends","","https://starwars.fandom.com/wiki/Opiteihr"
"Vogel","1182.1","1477.8","167.191","-675.623","M-16","Mid Rim","Var Hagen","planet","legends","","https://starwars.fandom.com/wiki/Vogel"
"Alakatha","1156.8","1462.9","139.395","-659.263","M-16","Mid Rim","Var Hagen","planet","legends","Rimma Trade Route","https://starwars.fandom.com/wiki/Alakatha"
"Lanthe","1160","1477.8","142.89","-675.623","M-16","Mid Rim","Var Hagen","planet","legends","Rimma Trade Route","https://starwars.fandom.com/wiki/Lanthe"
"Vondarc","1163.5","1493.6","146.702","-692.936","M-16","Mid Rim","Var Hagen","planet","legends","Rimma Trade Route","https://starwars.fandom.com/wiki/Vondarc"
"Chryya","1209.5","1527.2","197.21","-729.944","M-17","Mid Rim","Dustig","planet","legends","Hydian Way","https://starwars.fandom.com/wiki/Chryya"
"Haruun Kal","1193.4","1506.6","179.58","-707.231","M-17","Mid Rim","Dustig","planet","canon","","https://starwars.fandom.com/wiki/Haruun_Kal"
"Kath","1186.5","1506.6","171.956","-707.231","M-17","Mid Rim","Dustig","planet","legends","","https://starwars.fandom.com/wiki/Kath"
"Demos","1232.2","1457.4","222.147","-653.228","N-16","Mid Rim","Dustig","planet","legends","","https://starwars.fandom.com/wiki/Demos"
"ZeHeth","1223.2","1471","212.299","-668.158","N-16","Mid Rim","Dustig","planet","legends","Hydian Way","https://starwars.fandom.com/wiki/ZeHeth"
"Malastare","1219.6","1485","208.329","-683.565","N-16","Mid Rim","Dustig","planet","canon","Hydian Way","https://starwars.fandom.com/wiki/Malastare"
"Nuvar","1228.3","1510.8","217.859","-711.837","N-17","Mid Rim","Dustig","planet","legends","","https://starwars.fandom.com/wiki/Nuvar"
"Nuralee","1252.1","1437.3","244.066","-631.15","N-16","Mid Rim","Tyus","planet","legends","","https://starwars.fandom.com/wiki/Nuralee"
"Tyus Cluster","1219.9","1444.7","208.646","-639.251","N-16","Mid Rim","Tyus","misc","legends","","https://starwars.fandom.com/wiki/Tyus_Cluster"
"Umgul","1266.6","1474.1","259.949","-671.494","N-16","Mid Rim","Mulgard","planet","legends","","https://starwars.fandom.com/wiki/Umgul"
"Trevi","1272.2","1520.3","266.144","-722.32","N-17","Mid Rim","Quess","planet","legends","","https://starwars.fandom.com/wiki/Trevi"
"Old Mankoo","1252.2","1502.5","244.225","-702.784","N-17","Mid Rim","Quess","planet","legends","","https://starwars.fandom.com/wiki/Old_Mankoo"
"Karlinus","1323.1","1493.6","322.053","-692.936","O-16","Mid Rim","Chommel","planet","legends","","https://starwars.fandom.com/wiki/Karlinus"
"Naboo","1334.3","1506.6","334.442","-707.231","O-17","Mid Rim","Chommel","planet","canon","Enarc Run","https://starwars.fandom.com/wiki/Naboo"
"Enarc","1340.1","1514.7","340.795","-716.125","O-17","Mid Rim","Alui","planet","legends","Duros Space Run | Enarc Run | Triellus Trade Run","https://starwars.fandom.com/wiki/Enarc"
"Alui","1310.6","1524.9","308.393","-727.403","O-17","Mid Rim","Alui","planet","legends","Triellus Trade Run","https://starwars.fandom.com/wiki/Alui"
"Ansion","841.9","590","-206.649","300.047","I-6","Mid Rim","Churnis","planet","canon","Ansion Spur | Namadii Corridor","https://starwars.fandom.com/wiki/Ansion"
"Namadii","841.1","577.1","-207.602","314.183","I-6","Mid Rim","Churnis","planet","legends","Namadii Corridor","https://starwars.fandom.com/wiki/Namadii"
"Gilatter","830.1","600.2","-219.673","288.77","I-7","Mid Rim","Churnis","planet","legends","Ansion Spur","https://starwars.fandom.com/wiki/Gilatter"
"Rustibar","863.3","600.5","-183.142","288.453","J-7","Mid Rim","Churnis","planet","legends","","https://starwars.fandom.com/wiki/Rustibar"
"Kalaan","850.2","615","-197.596","272.569","J-7","Mid Rim","Churnis","planet","legends","Namadii Corridor","https://starwars.fandom.com/wiki/Kalaan"
"Rago","796.4","631.7","-256.681","254.145","I-7","Mid Rim","Rago","planet","legends","Ansion Spur","https://starwars.fandom.com/wiki/Rago"
"Sinton","815.8","612.2","-235.398","275.587","I-7","Mid Rim","Rago","planet","legends","Ansion Spur","https://starwars.fandom.com/wiki/Sinton"
"Kril'Dor","812","635.1","-239.527","250.492","I-7","Mid Rim","Outer Jalor","planet","canon","","https://starwars.fandom.com/wiki/Kril%27Dor"
"Ord Varee","854.1","623.3","-193.307","263.357","J-7","Mid Rim","Belshar","planet","legends","Namadii Corridor","https://starwars.fandom.com/wiki/Ord_Varee"
"Glee Anselm","865.9","645.3","-180.283","239.215","J-7","Mid Rim","Jalor","planet","canon","Namadii Corridor","https://starwars.fandom.com/wiki/Glee_Anselm"
"Vaced","880.3","661.8","-164.558","221.108","J-7","Mid Rim","Jalor","planet","legends","Namadii Corridor","https://starwars.fandom.com/wiki/Vaced"
"Uba","931","555.6","-108.783","337.755","J-6","Mid Rim","Barsa","planet","legends","","https://starwars.fandom.com/wiki/Uba"
"Dalron","889.3","561.1","-154.646","331.799","J-6","Mid Rim","Ariarch","planet","legends","","https://starwars.fandom.com/wiki/Dalron"
"Keitum","881.1","572.4","-163.581","319.291","J-6","Mid Rim","Ariarch","planet","legends","Ansion Spur","https://starwars.fandom.com/wiki/Keitum"
"Iridonia","924.9","595.9","-115.454","293.56","J-7","Mid Rim","Clythe","planet","canon","","https://starwars.fandom.com/wiki/Iridonia"
"Valrar","921.9","614.1","-118.79","273.547","J-7","Mid Rim","Clythe","planet","legends","","https://starwars.fandom.com/wiki/Valrar"
"Fornax","938.8","623.3","-100.207","263.422","J-7","Mid Rim","Clythe","planet","legends","","https://starwars.fandom.com/wiki/Fornax"
"Vortex","946.7","661.8","-91.505","221.147","K-7","Mid Rim","Clythe","planet","legends","Celanon Spur","https://starwars.fandom.com/wiki/Vortex"
"Nentan","966.6","651.7","-69.711","232.211","K-7","Mid Rim","Clythe","planet","legends","Celanon Spur","https://starwars.fandom.com/wiki/Nentan"
"Vicondor","916.9","674","-124.339","207.746","J-7","Mid Rim","Vorc","planet","legends","Celanon Spur","https://starwars.fandom.com/wiki/Vicondor"
"Ebra","1092.3","560.3","68.473","332.633","L-6","Mid Rim","Kesh","planet","legends","","https://starwars.fandom.com/wiki/Ebra"
"Station 88","921","672.4","-119.783","209.488","J-7","Mid Rim","Vorc","station","legends","Celanon Spur","https://starwars.fandom.com/wiki/Station_88"
"Baltizaar","973.5","610.7","-62.087","277.24","K-7","Mid Rim","Corthenia","planet","canon","","https://starwars.fandom.com/wiki/Baltizaar"
"Orinda","1006.1","545.1","-26.23","349.31","K-6","Mid Rim","Irishi","planet","canon","Entralla Route","https://starwars.fandom.com/wiki/Orinda"
"Obredaan","1018.2","570.9","-13.008","320.959","K-6","Mid Rim","Irishi","planet","legends","Entralla Route","https://starwars.fandom.com/wiki/Obredaan"
"Gonmore","1019.6","577.1","-11.459","314.169","K-6","Mid Rim","Irishi","planet","legends","Entralla Route","https://starwars.fandom.com/wiki/Gonmore"
"Ord Tessebok","1021.6","582.5","-9.196","308.212","K-6","Mid Rim","Irishi","planet","legends","Entralla Route","https://starwars.fandom.com/wiki/Ord_Tessebok"
"Dohu","1007.6","641.1","-24.563","243.885","K-7","Mid Rim","Dohu","planet","legends","Celanon Spur","https://starwars.fandom.com/wiki/Dohu"
"Ank Kit'aar","1346.2","1399.8","347.466","-589.854","O-15","Mid Rim","Druess","planet","legends","","https://starwars.fandom.com/wiki/Ank_Kit%27aar"
"Sedesia","1332.8","1416.4","332.694","-608.119","O-16","Mid Rim","Druess","planet","legends","","https://starwars.fandom.com/wiki/Sedesia"
"Kaliida Shoals","1380.6","1528.8","385.268","-731.691","O-17","Mid Rim","Ryndellian","planet","legends","","https://starwars.fandom.com/wiki/Kaliida_Shoals"
"Ryndellia","1373.1","1505.6","377.009","-706.119","O-17","Mid Rim","Ryndellian","planet","canon","Triellus Trade Run","https://starwars.fandom.com/wiki/Ryndellia"
"Farstine","1401.7","1507.4","408.457","-708.184","P-17","Mid Rim","Ryndellian","planet","legends","Llanic Spice Run | Triellus Trade Run","https://starwars.fandom.com/wiki/Farstine"
"Ninzan","1405.5","1521","412.587","-723.114","P-17","Mid Rim","Ryndellian","planet","legends","Llanic Spice Run","https://starwars.fandom.com/wiki/Ninzan"
"Andosha","1480.2","1405","494.703","-595.572","P-15","Mid Rim","Lambda","planet","legends","","https://starwars.fandom.com/wiki/Andosha"
"Argus","1468.6","1423.3","481.997","-615.743","P-16","Mid Rim","Lambda","planet","legends","","https://starwars.fandom.com/wiki/Argus"
"Zolan","1458.6","1434.3","471.037","-627.815","P-16","Mid Rim","Lambda","planet","canon","","https://starwars.fandom.com/wiki/Zolan"
"Rintonne","1444.3","1442.8","455.313","-637.186","P-16","Mid Rim","Lambda","planet","legends","","https://starwars.fandom.com/wiki/Rintonne"
"Ando","1508.5","1406.8","525.835","-597.637","Q-15","Mid Rim","Lambda","planet","canon","","https://starwars.fandom.com/wiki/Ando"
"Mon Gazza","1499.7","1422.2","516.146","-614.473","Q-16","Mid Rim","Lambda","planet","legends","Corellian Run | Llanic Spice Run","https://starwars.fandom.com/wiki/Mon_Gazza"
"Triffis","1379","1369.7","383.521","-556.817","O-15","Mid Rim","Hevvrol","planet","canon","Duros Space Run","https://starwars.fandom.com/wiki/Triffis"
"Bannistar Station","1379.4","1384.2","383.997","-572.7","O-15","Mid Rim","Hevvrol","station","legends","Duros Space Run","https://starwars.fandom.com/wiki/Bannistar_Station"
"Kalarba","1397.6","1333.4","404.01","-516.95","P-15","Mid Rim","Hevvrol","planet","legends","Duros Space Run","https://starwars.fandom.com/wiki/Kalarba"
"Kabray","1457.1","1379.2","469.29","-567.3","P-15","Mid Rim","Corweillian","planet","legends","","https://starwars.fandom.com/wiki/Kabray"
"Algara","1468.8","1390.5","482.156","-579.688","P-15","Mid Rim","Corweillian","planet","legends","","https://starwars.fandom.com/wiki/Algara"
"Thape","1513.1","1390.8","530.917","-580.006","Q-15","Mid Rim","Xan","planet","legends","","https://starwars.fandom.com/wiki/Thape"
"Haseria","1477.6","1335.2","491.844","-518.856","P-15","Mid Rim","Haserian","planet","legends","Reena Trade Route","https://starwars.fandom.com/wiki/Haseria"
"Monastery","1494.6","1314.6","510.587","-496.301","Q-14","Mid Rim","Haserian","planet","legends","Reena Trade Route","https://starwars.fandom.com/wiki/Monastery"
"Lelmra","1434.8","1303.8","444.83","-484.389","P-14","Mid Rim","Churba","planet","legends","","https://starwars.fandom.com/wiki/Lelmra"
"New Cov","1397.9","1314.3","404.328","-495.984","P-14","Mid Rim","Churba","planet","legends","Corellian Run | Duros Space Run","https://starwars.fandom.com/wiki/New_Cov"
"Lorahns","1441.7","1249.7","452.454","-424.986","P-14","Mid Rim","Sloo","planet","legends","","https://starwars.fandom.com/wiki/Lorahns"
"Sanza","1432.2","1274.9","441.971","-452.623","P-14","Mid Rim","Sloo","planet","legends","","https://starwars.fandom.com/wiki/Sanza"
"Null","1235","618.5","225.241","268.663","N-7","Mid Rim","Trans'Vulta","planet","legends","","https://starwars.fandom.com/wiki/Null"
"Skorrupon","1235.5","633.4","225.837","252.343","N-7","Mid Rim","Trans'Vulta","planet","legends","Hydian Way","https://starwars.fandom.com/wiki/Skorrupon"
"Vulta","1260.3","632.7","253.116","253.058","N-7","Mid Rim","Trans'Vulta","planet","legends","","https://starwars.fandom.com/wiki/Vulta"
"Geris","1318.9","649.6","317.443","234.474","O-7","Mid Rim","Trans'Vulta","planet","legends","","https://starwars.fandom.com/wiki/Geris"
"Surcaris","1325.4","659.9","324.591","223.158","O-7","Mid Rim","Trans'Vulta","planet","legends","","https://starwars.fandom.com/wiki/Surcaris"
"Djurmo","1184.2","606.1","169.491","282.362","M-7","Mid Rim","Strabin","planet","legends","","https://starwars.fandom.com/wiki/Djurmo"
"Lavisar","1209","598.1","196.651","291.058","M-7","Mid Rim","Strabin","planet","legends","","https://starwars.fandom.com/wiki/Lavisar"
"Lonnaw","1011.8","557.5","-20.036","335.73","K-6","Mid Rim","Droma","planet","legends","Entralla Route","https://starwars.fandom.com/wiki/Lonnaw"
"Entuur","1089","565.2","64.781","327.272","L-6","Mid Rim","Kesh","planet","legends","","https://starwars.fandom.com/wiki/Entuur"
"Ithor","1130.9","570.3","110.882","321.673","M-6","Mid Rim","Ottega","planet","canon","Celanon Spur","https://starwars.fandom.com/wiki/Ithor"
"Hewett","1169.9","582","153.766","308.808","M-6","Mid Rim","Hewett","planet","legends","","https://starwars.fandom.com/wiki/Hewett"
"Ylix","1122.8","618.9","101.947","268.187","M-7","Mid Rim","M'shinni","planet","legends","","https://starwars.fandom.com/wiki/Ylix"
"Genassa","1131.8","593.7","111.835","295.943","M-7","Mid Rim","M'shinni","planet","legends","","https://starwars.fandom.com/wiki/Genassa"
"Urce","1097.2","581.1","73.834","309.761","L-6","Mid Rim","Urce","planet","legends","","https://starwars.fandom.com/wiki/Urce"
"Yout","1030.7","610.4","0.811","277.597","L-7","Mid Rim","Qiilura","planet","legends","Entralla Route","https://starwars.fandom.com/wiki/Yout"
"Qiilura","1031.2","632.1","1.287","253.773","L-7","Mid Rim","Bright Jewel","planet","legends","Celanon Spur | Entralla Route","https://starwars.fandom.com/wiki/Qiilura"
"Jarnollen","1033.4","645.1","3.789","239.478","L-7","Mid Rim","Bright Jewel","planet","legends","","https://starwars.fandom.com/wiki/Jarnollen"
"Anobis","1045.9","642.9","17.488","241.86","L-7","Mid Rim","Bright Jewel","planet","legends","","https://starwars.fandom.com/wiki/Anobis"
"Ord Mantell","1034.3","631","4.742","254.964","L-7","Mid Rim","Bright Jewel","planet","canon","Celanon Spur","https://starwars.fandom.com/wiki/Ord_Mantell"
"Korvaii","1069","616","42.862","271.403","L-7","Mid Rim","Kordu","planet","legends","Celanon Spur","https://starwars.fandom.com/wiki/Korvaii"
"Walinor","1133.7","661.7","113.979","221.252","M-7","Mid Rim","Shiwal","planet","legends","","https://starwars.fandom.com/wiki/Walinor"
"Triewahl","1179.1","642.8","163.892","241.979","M-7","Mid Rim","Homon","planet","legends","","https://starwars.fandom.com/wiki/Triewahl"
"Somov Rit","1602.5","1349.6","629.076","-534.739","R-15","Mid Rim","Onatos","planet","legends","","https://starwars.fandom.com/wiki/Somov_Rit"
"Lahsbane","1609.4","1362.2","636.7","-548.557","R-15","Mid Rim","Onatos","planet","legends","","https://starwars.fandom.com/wiki/Lahsbane"
"Grakouine","1614.7","1397.7","642.576","-587.63","R-15","Mid Rim","Onatos","planet","legends","","https://starwars.fandom.com/wiki/Grakouine"
"Leritor","1556.2","1348.9","578.249","-533.945","Q-15","Mid Rim","Yucrales","planet","legends","","https://starwars.fandom.com/wiki/Leritor"
"Thoran","1605.5","1286.4","632.411","-465.329","R-14","Mid Rim","Manda","planet","legends","","https://starwars.fandom.com/wiki/Thoran"
"Zygia","1621.7","1293.7","650.2","-473.271","R-14","Mid Rim","Manda","planet","legends","","https://starwars.fandom.com/wiki/Zygia"
"Holess","1636.3","1304.5","666.242","-485.183","R-14","Mid Rim","Manda","planet","legends","","https://starwars.fandom.com/wiki/Holess"
"Boranda","1640.2","1310","670.531","-491.219","R-14","Mid Rim","Manda","planet","canon","","https://starwars.fandom.com/wiki/Boranda"
"Manda","1650.7","1321.9","682.126","-504.243","R-15","Mid Rim","Manda","planet","canon","","https://starwars.fandom.com/wiki/Manda"
"Dennaskar","1666.6","1324.8","699.597","-507.42","R-15","Mid Rim","Manda","planet","legends","","https://starwars.fandom.com/wiki/Dennaskar"
"Tarsunt","1581.2","1242.4","605.727","-416.885","R-14","Mid Rim","Bothan Space","planet","legends","","https://starwars.fandom.com/wiki/Tarsunt_system"
"Mandell","1593.9","1234.1","619.705","-407.832","R-14","Mid Rim","Bothan Space","planet","legends","Bothan Run","https://starwars.fandom.com/wiki/Mandell"
"Moonus","1594.9","1231.2","620.816","-404.655","R-14","Mid Rim","Bothan Space","planet","legends","Bothan Run","https://starwars.fandom.com/wiki/Moonus"
"Bothawui","1596.2","1257.9","622.213","-433.998","R-14","Mid Rim","Bothan Space","planet","canon","Bothan Run | Reena Trade Route","https://starwars.fandom.com/wiki/Bothawui"
"Krant","1609.1","1269.7","636.382","-446.905","R-14","Mid Rim","Bothan Space","planet","legends","","https://starwars.fandom.com/wiki/Krant"
"Kothlis","1598.1","1280.4","624.311","-458.658","R-14","Mid Rim","Bothan Space","planet","canon","","https://starwars.fandom.com/wiki/Kothlis"
"Nexus Ortai","1528.6","1276.5","547.912","-454.37","Q-14","Mid Rim","Hertae","planet","legends","Reena Trade Route","https://starwars.fandom.com/wiki/Nexus_Ortai"
"Masterra","1519.1","1284.3","537.429","-462.947","Q-14","Mid Rim","Hertae","planet","legends","Reena Trade Route","https://starwars.fandom.com/wiki/Masterra"
"Hoylin","1477.7","1201.3","492.003","-371.777","P-13","Mid Rim","Fel Hu","planet","legends","","https://starwars.fandom.com/wiki/Hoylin"
"Aikhibba","1458.9","1221.8","471.355","-394.331","P-13","Mid Rim","Fel Hu","planet","legends","","https://starwars.fandom.com/wiki/Aikhibba"
"Beris","1486.3","1193.8","501.374","-363.518","Q-13","Mid Rim","Fel Hu","planet","legends","","https://starwars.fandom.com/wiki/Beris"
"Centares","1611.2","621.5","638.651","265.363","R-7","Mid Rim","Maldrood","planet","canon","Perlemian Trade Route | Triellus Trade Route","https://starwars.fandom.com/wiki/Centares"
"The Wheel","1602.4","633.8","628.962","251.862","R-7","Mid Rim","Maldrood","station","legends","Perlemian Trade Route","https://starwars.fandom.com/wiki/The_Wheel"
"Abhean","1594.1","645.9","619.909","238.52","R-7","Mid Rim","Maldrood","planet","legends","Perlemian Trade Route","https://starwars.fandom.com/wiki/Abhean"
"New Holstice","1623.6","657.4","652.31","225.972","R-7","Mid Rim","Maldrood","planet","legends","","https://starwars.fandom.com/wiki/New_Holstice"
"Anzat","1648.9","673.5","680.14","208.253","R-7","Mid Rim","Bryx","planet","legends","","https://starwars.fandom.com/wiki/Anzat"
"Bryx","1607.8","687.1","634.998","193.253","R-8","Mid Rim","Bryx","planet","legends","","https://starwars.fandom.com/wiki/Bryx"
"Ingo","1650","708.6","681.325","169.689","R-8","Mid Rim","Bortele","planet","legends","","https://starwars.fandom.com/wiki/Ingo"
"Ultaar","1618.1","726.7","646.275","149.733","R-8","Mid Rim","Bortele","planet","legends","","https://starwars.fandom.com/wiki/Ultaar"
"Zchtek","1648","740.8","679.153","134.326","R-8","Mid Rim","Bortele","planet","legends","","https://starwars.fandom.com/wiki/Zchtek"
"Pusat Station","1664.4","752","697.101","121.937","R-8","Mid Rim","Bortele","station","legends","Lesser Lantillian Route","https://starwars.fandom.com/wiki/Pusat_Station"
"Kalkovak","1674.9","708.2","708.696","170.063","S-8","Mid Rim","Bortele","planet","legends","","https://starwars.fandom.com/wiki/Kalkovak"
"Peg Shar","1659.9","762","692.177","110.978","R-8","Mid Rim","Halla","planet","legends","Lesser Lantillian Route","https://starwars.fandom.com/wiki/Peg_Shar"
"Bimmisaari","1647.5","785.4","678.593","85.29","R-9","Mid Rim","Halla","planet","legends","Lesser Lantillian Route","https://starwars.fandom.com/wiki/Bimmisaari"
"Boz Pity","1670.9","808.6","704.28","59.806","S-9","Mid Rim","Halla","planet","canon","","https://starwars.fandom.com/wiki/Boz_Pity"
"Danuta","1673.9","789.7","707.584","80.562","S-9","Mid Rim","Halla","planet","legends","","https://starwars.fandom.com/wiki/Danuta"
"Euceron","1570.6","671.5","594.019","210.407","Q-7","Mid Rim","Eucer","planet","legends","Perlemian Trade Route","https://starwars.fandom.com/wiki/Euceron"
"Talcene","1556.1","686.4","578.136","194.047","Q-8","Mid Rim","Talcene","planet","legends","Perlemian Trade Route","https://starwars.fandom.com/wiki/Talcene"
"Orleon","1543.8","696.1","564.635","183.405","Q-8","Mid Rim","Talcene","planet","legends","Perlemian Trade Route","https://starwars.fandom.com/wiki/Orleon"
"Metalorn","1585.2","701.6","610.061","177.37","R-8","Mid Rim","Talcene","planet","canon","","https://starwars.fandom.com/wiki/Metalorn"
"Gromas","1525.8","616.2","544.781","271.24","Q-7","Mid Rim","Perkell","planet","canon","","https://starwars.fandom.com/wiki/Gromas"
"Trancret","1519","623.7","537.316","262.98","Q-7","Mid Rim","Perkell","planet","legends","","https://starwars.fandom.com/wiki/Trancret"
"Aargonar","1552.1","634.5","573.688","251.068","Q-7","Mid Rim","Perkell","planet","canon","","https://starwars.fandom.com/wiki/Aargonar"
"Concord Dawn","1348.3","636.4","349.792","249.014","O-7","Outer Rim","Mandalore","planet","canon","","https://starwars.fandom.com/wiki/Concord_Dawn"
"Bseto","1422.6","631.8","431.445","254.011","P-7","Mid Rim","Msst","planet","legends","","https://starwars.fandom.com/wiki/Bseto"
"Msst","1398.7","652.8","405.119","231.02","P-7","Mid Rim","Msst","planet","legends","","https://starwars.fandom.com/wiki/Msst"
"Garos","1437.1","641.1","447.408","243.885","P-7","Mid Rim","Msst","planet","canon","","https://starwars.fandom.com/wiki/Garos"
"Anteevy","1448.3","622.9","459.678","263.898","P-7","Mid Rim","Esuain","planet","canon","","https://starwars.fandom.com/wiki/Anteevy"
"Kromus","1454.9","648","466.944","236.261","P-7","Mid Rim","Esuain","planet","legends","","https://starwars.fandom.com/wiki/Kromus"
"Kiva","1385.6","674","390.824","207.671","O-7","Mid Rim","Venaarian","planet","legends","","https://starwars.fandom.com/wiki/Kiva"
"Venaari","1373","691","376.886","188.969","O-8","Mid Rim","Venaarian","planet","legends","","https://starwars.fandom.com/wiki/Venaari"
"Katarr","1381.9","708.9","386.654","169.313","O-8","Mid Rim","Vensori","planet","legends","","https://starwars.fandom.com/wiki/Katarr"
"Nixor","1512.5","1081.9","530.175","-240.546","Q-12","Mid Rim","Eclorar","planet","legends","Trax Tube","https://starwars.fandom.com/wiki/Nixor_(planet)"
"Farquar","1494.1","1019.1","510.036","-171.545","Q-11","Mid Rim","Kurost","planet","legends","","https://starwars.fandom.com/wiki/Farquar"
"Sev Tok","1491.8","1038","507.495","-192.352","Q-11","Mid Rim","Kurost","planet","legends","","https://starwars.fandom.com/wiki/Sev_Tok"
"Nanth'ri","1511.6","1051.6","529.285","-207.285","Q-12","Mid Rim","Kurost","planet","legends","Nanth'ri Route | Trax Tube","https://starwars.fandom.com/wiki/Nanth%27ri"
"Ruusan","1477.1","954.9","491.294","-100.971","P-11","Mid Rim","Teraab","planet","canon","","https://starwars.fandom.com/wiki/Ruusan"
"Pesmenben","1488.8","968.8","504.159","-116.272","Q-11","Mid Rim","Teraab","planet","legends","","https://starwars.fandom.com/wiki/Pesmenben"
"Drogheda","1498.3","970.7","514.642","-118.336","Q-11","Mid Rim","Teraab","planet","legends","","https://starwars.fandom.com/wiki/Drogheda"
"Dohlban","1648.6","1218.7","679.743","-390.837","R-13","Mid Rim","Dohlbani","planet","legends","","https://starwars.fandom.com/wiki/Dohlban"
"Void Station","1624.4","1237.5","653.194","-411.548","R-14","Mid Rim","Dohlbani","station","legends","","https://starwars.fandom.com/wiki/Void_Station"
"Rettna","1547.9","988.5","569.122","-137.873","Q-11","Mid Rim","Essaga","planet","legends","","https://starwars.fandom.com/wiki/Rettna"
"Daalang","1546","1110.5","567.039","-271.976","Q-12","Mid Rim","Daalang","planet","legends","Bothan Run | Trax Tube","https://starwars.fandom.com/wiki/Daalang"
"Kalinda","1324.9","1429.1","324.117","-622.097","O-16","Mid Rim","Vilonis","planet","legends","Enarc Run","https://starwars.fandom.com/wiki/Kalinda"
"Alassa Major","1336.8","1453.1","337.142","-648.463","O-16","Mid Rim","Vilonis","planet","legends","Enarc Run","https://starwars.fandom.com/wiki/Alassa_Major"
"Nigel","1302.4","1417","299.34","-608.755","N-16","Mid Rim","Vish","planet","legends","Enarc Run","https://starwars.fandom.com/wiki/Nigel"
"Roldalna","1289.4","1414.7","285.045","-606.213","N-16","Mid Rim","Vish","planet","legends","Enarc Run","https://starwars.fandom.com/wiki/Roldalna"
"Seltos","1289.7","1441.7","285.362","-635.915","N-16","Mid Rim","Vish","planet","legends","","https://starwars.fandom.com/wiki/Seltos"
"Womrik","1561.8","1370.6","584.444","-557.77","Q-15","Mid Rim","Dufilvian","planet","legends","","https://starwars.fandom.com/wiki/Womrik"
"Blenjeel","1541.6","1381.7","562.207","-570","Q-15","Mid Rim","Dufilvian","planet","legends","","https://starwars.fandom.com/wiki/Blenjeel"
"Algarian","1558.1","1403.7","580.314","-594.142","Q-15","Mid Rim","Dufilvian","planet","legends","","https://starwars.fandom.com/wiki/Algarian"
"Talay","1568.8","1419.4","592.068","-611.455","Q-16","Mid Rim","Dufilvian","planet","legends","","https://starwars.fandom.com/wiki/Talay"
"Ord Pardron","1623.1","1408.9","651.789","-599.86","R-15","Mid Rim","Dufilvian","planet","legends","","https://starwars.fandom.com/wiki/Ord_Pardron"
"Casfield","1521.6","661","540.175","222.002","Q-7","Mid Rim","Tennuutta","planet","legends","","https://starwars.fandom.com/wiki/Casfield"
"Ord Tiddell","1534.7","662.6","554.628","220.255","Q-7","Mid Rim","Tennuutta","planet","legends","","https://starwars.fandom.com/wiki/Ord_Tiddell"
"Salvara","1559.7","681.8","582.106","199.13","Q-8","Mid Rim","Tennuutta","planet","legends","Perlemian Trade Route","https://starwars.fandom.com/wiki/Salvara"
"Romin","1515.5","692.5","533.504","187.376","Q-8","Mid Rim","Romintine","planet","legends","","https://starwars.fandom.com/wiki/Romin"
"Low'n","1502.9","697.5","519.685","181.817","Q-8","Mid Rim","Romintine","planet","legends","","https://starwars.fandom.com/wiki/Low%27n"
"Gavryn","1497.7","711.9","513.967","166.093","Q-8","Mid Rim","Romintine","planet","legends","","https://starwars.fandom.com/wiki/Gavryn"
"Velmor","1454.1","674.1","465.991","207.552","P-7","Mid Rim","Halori","planet","legends","","https://starwars.fandom.com/wiki/Velmor"
"Contruum","1391.5","736.3","397.275","139.217","O-8","Mid Rim","Truum","planet","canon","","https://starwars.fandom.com/wiki/Contruum"
"Jeyell","1497.9","729.6","514.126","146.556","Q-8","Mid Rim","Roche","planet","legends","Perlemian Trade Route","https://starwars.fandom.com/wiki/Jeyell"
"Roche","1511.6","721.4","529.215","155.61","Q-8","Mid Rim","Roche","planet","legends","Perlemian Trade Route","https://starwars.fandom.com/wiki/Roche_system"
"Trasse","1537.9","730.8","558.123","145.286","Q-8","Mid Rim","Sarka","planet","legends","","https://starwars.fandom.com/wiki/Trasse"
"Sarka","1565.4","725.6","588.301","151.004","Q-8","Mid Rim","Sarka","planet","legends","","https://starwars.fandom.com/wiki/Sarka"
"Dulathia","1443.5","728.8","454.436","147.514","P-8","Mid Rim","Lantillian","planet","canon","","https://starwars.fandom.com/wiki/Dulathia"
"Lantillies","1422.2","752","430.989","121.946","P-8","Mid Rim","Lantillian","planet","canon","Perlemian Trade Route | Randon Run","https://starwars.fandom.com/wiki/Lantillies"
"Phaseera","1442.7","766.3","453.52","106.222","P-8","Mid Rim","Lantillian","planet","legends","Randon Run","https://starwars.fandom.com/wiki/Phaseera"
"Uyter","1442.1","797.6","452.871","71.904","P-9","Mid Rim","Lantillian","planet","canon","Lesser Lantillian Route | Randon Run","https://starwars.fandom.com/wiki/Uyter"
"Avenelle","1428.1","798.6","437.513","70.765","P-9","Mid Rim","Lantillian","planet","legends","Lesser Lantillian Route","https://starwars.fandom.com/wiki/Avenelle"
"New Apsolon","1446.6","899.8","457.834","-40.456","P-10","Mid Rim","Terr'skiar","planet","legends","","https://starwars.fandom.com/wiki/New_Apsolon"
"Coachelle","1482.1","894.5","496.783","-34.579","P-10","Mid Rim","Terr'skiar","planet","legends","","https://starwars.fandom.com/wiki/Coachelle"
"Terr'Skiar","1466.3","892.4","479.454","-32.27","P-10","Mid Rim","Terr'skiar","planet","legends","Terr'Skiar Pass","https://starwars.fandom.com/wiki/Terr%27Skiar"
"Pizilis","1465.9","881.2","479.03","-19.993","P-10","Mid Rim","Terr'skiar","planet","legends","","https://starwars.fandom.com/wiki/Pizilis"
"Rorgam","1484.2","885.8","499.139","-25.073","P-10","Mid Rim","Terr'skiar","planet","legends","","https://starwars.fandom.com/wiki/Rorgam"
"Torn Station","1446.3","863.5","457.467","-0.527","P-10","Mid Rim","Terr'skiar","station","legends","Great Kashyyyk Branch | Trellen Trade Route","https://starwars.fandom.com/wiki/Torn_Station"
"Kashyyyk","1460","852.8","472.517","11.164","P-9","Mid Rim","Mytaranor","planet","canon","Great Kashyyyk Branch | Randon Run | Trellen Trade Route","https://starwars.fandom.com/wiki/Kashyyyk"
"Rakhuuun","1475.7","859.3","489.746","4.024","P-9","Mid Rim","Mytaranor","planet","legends","Randon Run","https://starwars.fandom.com/wiki/Rakhuuun"
"Mytaranor","1464.9","872.2","477.864","-10.101","P-10","Mid Rim","Mytaranor","planet","legends","","https://starwars.fandom.com/wiki/Mytaranor"
"Tholatin","1462.5","863.3","475.247","-0.315","P-10","Mid Rim","Mytaranor","planet","legends","","https://starwars.fandom.com/wiki/Tholatin"
"Kwookrrr","1506.6","858.5","523.734","4.949","Q-9","Mid Rim","Mytaranor","planet","legends","","https://starwars.fandom.com/wiki/Kwookrrr"
"Ota","1497","895.7","513.178","-35.902","Q-10","Mid Rim","Mytaranor","planet","legends","","https://starwars.fandom.com/wiki/Ota"
"Randon","1509.1","894.7","526.463","-34.888","Q-10","Mid Rim","Mytaranor","planet","legends","Ootmian Pabol | Pabol Sleheyron | Randon Run | Trax Tube","https://starwars.fandom.com/wiki/Randon"
"Messert","1499.5","885","515.966","-24.121","Q-10","Mid Rim","Mytaranor","planet","legends","Randon Run","https://starwars.fandom.com/wiki/Messert"
"Chamble","1489.5","874.8","504.986","-13.015","Q-10","Mid Rim","Mytaranor","planet","legends","Randon Run","https://starwars.fandom.com/wiki/Chamble"
"Deysum","1512.4","916.1","530.153","-58.306","Q-10","Mid Rim","Trax","planet","legends","Terr'Skiar Pass | Trax Tube","https://starwars.fandom.com/wiki/Deysum_system"
"Lexrul","1511.9","931.3","529.605","-75.052","Q-10","Mid Rim","Trax","planet","canon","Trax Tube","https://starwars.fandom.com/wiki/Lexrul"
"Uogo'cor","1518.3","945.2","536.583","-90.343","Q-10","Mid Rim","Trax","planet","legends","Trax Tube","https://starwars.fandom.com/wiki/Uogo%27cor"
"Bissillirus","1487.5","910","502.737","-51.602","Q-10","Mid Rim","Trax","planet","legends","Terr'Skiar Pass","https://starwars.fandom.com/wiki/Bissillirus"
"Sneeve","1538.8","871.3","559.144","-9.105","Q-10","Mid Rim","Kastolar","planet","canon","","https://starwars.fandom.com/wiki/Sneeve"
"Durkteel","1557.2","883.2","579.32","-22.196","Q-10","Mid Rim","Kastolar","planet","canon","","https://starwars.fandom.com/wiki/Durkteel"
"Ubrikkia","1572","921.9","595.574","-64.688","Q-10","Mid Rim","Kastolar","planet","legends","Ootmian Pabol","https://starwars.fandom.com/wiki/Ubrikkia"
"Blimph","1526","904.2","545","-45.288","Q-10","Mid Rim","Kastolar","planet","legends","Ootmian Pabol","https://starwars.fandom.com/wiki/Blimph"
"Yitabo","1567","889.9","590.162","-29.531","Q-10","Mid Rim","Kastolar","planet","legends","Pabol Sleheyron","https://starwars.fandom.com/wiki/Yitabo"
"Chalacta","1625.9","881.8","654.837","-20.713","R-10","Mid Rim","Kastolar","planet","canon","Pabol Sleheyron","https://starwars.fandom.com/wiki/Chalacta"
"Kwenn","1623.6","938.4","652.348","-82.837","R-10","Mid Rim","Kastolar","planet","legends","Ootmian Pabol","https://starwars.fandom.com/wiki/Kwenn"
"Chroma Zed","1499.2","1121.7","515.595","-284.316","Q-12","Mid Rim","Maerdocia","planet","legends","","https://starwars.fandom.com/wiki/Chroma_Zed"
"Thokosia","1526.7","1140.6","545.847","-305.067","Q-13","Mid Rim","Maerdocia","planet","legends","","https://starwars.fandom.com/wiki/Thokosia"
"Shador","1518.8","1149.4","537.112","-314.756","Q-13","Mid Rim","Maerdocia","planet","legends","","https://starwars.fandom.com/wiki/Shador"
"Chokan","1504.3","1163.4","521.228","-330.163","Q-13","Mid Rim","Maerdocia","planet","legends","","https://starwars.fandom.com/wiki/Chokan"
"Deneba","1499.7","1176.2","516.146","-344.14","Q-13","Mid Rim","Maerdocia","planet","legends","","https://starwars.fandom.com/wiki/Deneba"
"Dractu","1566.2","1171.5","589.209","-339.057","Q-13","Mid Rim","Lanic Space","planet","legends","","https://starwars.fandom.com/wiki/Dractu"
"Lannik","1585.4","1163.8","610.374","-330.513","R-13","Mid Rim","Lanic Space","planet","canon","Bothan Run","https://starwars.fandom.com/wiki/Lannik"
"Bresnia","1535.4","1233.8","555.377","-407.514","Q-14","Mid Rim","Tandon","planet","legends","","https://starwars.fandom.com/wiki/Bresnia"
"Spirador","1547.1","1271.4","568.243","-448.811","Q-14","Mid Rim","Tandon","planet","legends","Reena Trade Route","https://starwars.fandom.com/wiki/Spirador"
"Nooli","1547.7","1198.7","568.878","-368.918","Q-13","Mid Rim","Noolian","planet","legends","","https://starwars.fandom.com/wiki/Nooli"
"Dressel","1557.4","1206","579.52","-376.884","Q-13","Mid Rim","Noolian","planet","canon","","https://starwars.fandom.com/wiki/Dressel"
"Torolis","1572.1","1222.9","595.721","-395.443","Q-13","Mid Rim","Noolian","planet","legends","","https://starwars.fandom.com/wiki/Torolis"
"Iskalon","1608.4","1434.3","635.588","-627.815","R-16","Mid Rim","Trans-Nebular","planet","legends","","https://starwars.fandom.com/wiki/Iskalon"
"Goroth","1590.9","1452.6","616.401","-647.932","R-16","Mid Rim","Trans-Nebular","planet","legends","","https://starwars.fandom.com/wiki/Goroth"
"Milarian","1592.5","1451.6","618.099","-646.851","R-16","Mid Rim","Trans-Nebular","planet","legends","","https://starwars.fandom.com/wiki/Milarian"
"Argovia","1671.5","1297.6","704.997","-477.559","S-14","Mid Rim","Endocray","planet","legends","","https://starwars.fandom.com/wiki/Argovia"
"Rearqu Cluster","1469.8","740.3","483.264","134.887","P-8","Mid Rim","Taldot","misc","legends","Perlemian Trade Route","https://starwars.fandom.com/wiki/Rearqu_Cluster"
"Togoria","1460.9","796.6","473.465","72.963","P-9","Mid Rim","Taldot","planet","legends","Lesser Lantillian Route","https://starwars.fandom.com/wiki/Togoria"
"Balamak","1541","823.8","561.584","43.076","Q-9","Mid Rim","Taldot","planet","canon","Great Kashyyyk Branch","https://starwars.fandom.com/wiki/Balamak"
"Charros","1588.3","798","613.486","71.459","R-9","Mid Rim","Taldot","planet","legends","Great Kashyyyk Branch | Lesser Lantillian Route","https://starwars.fandom.com/wiki/Charros"
"Codia","719.7","1336.8","-340.957","-520.631","H-15","Mid Rim","Freestanding Subsectors","planet","legends","","https://starwars.fandom.com/wiki/Codia"
"Murgo","794.5","650.7","-258.746","233.338","I-7","Mid Rim","Freestanding Subsectors","planet","legends","Ansion Spur","https://starwars.fandom.com/wiki/Murgo"
"Burska","795.4","623.1","-257.793","263.675","I-7","Mid Rim","Freestanding Subsectors","planet","legends","","https://starwars.fandom.com/wiki/Burska"
"Ankus","791.9","607.6","-261.607","280.62","I-7","Mid Rim","Freestanding Subsectors","planet","legends","","https://starwars.fandom.com/wiki/Ankus"
"Naporar","500.5","726.1","-581.843","150.45","F-8","Unknown Regions","Chiss Ascendancy","planet","legends","Path Of The Houses","https://starwars.fandom.com/wiki/Naporar"
"The Red Twins","802.2","595.6","-250.275","293.842","I-7","Mid Rim","Freestanding Subsectors","planet","legends","","https://starwars.fandom.com/wiki/The_Red_Twins"
"Geroon","758.3","706.3","-298.613","172.187","I-8","Mid Rim","Freestanding Subsectors","planet","legends","","https://starwars.fandom.com/wiki/Geroon"
"Utegetu Nebula","766.1","691.3","-290.036","188.706","I-8","Mid Rim","Freestanding Subsectors","misc","legends","Ansion Spur","https://starwars.fandom.com/wiki/Utegetu_Nebula"
"Herdessa","1521.2","1443.6","539.812","-637.98","Q-16","Mid Rim","Herdessa","planet","legends","Corellian Run","https://starwars.fandom.com/wiki/Herdessa"
"Habassa","1516.5","1448.6","534.57","-643.539","Q-16","Mid Rim","Herdessa","planet","legends","","https://starwars.fandom.com/wiki/Habassa"
"Retep","1513","1458.6","530.758","-654.499","Q-16","Mid Rim","Daimar","planet","legends","","https://starwars.fandom.com/wiki/Retep"
"Radnor","1534.5","1458.2","554.424","-654.022","Q-16","Mid Rim","Daimar","planet","legends","Corellian Run","https://starwars.fandom.com/wiki/Radnor"
"Ragna","1556.1","1468.9","578.09","-665.776","Q-16","Mid Rim","Daimar","planet","legends","","https://starwars.fandom.com/wiki/Ragna"
"Monor","1417.6","1354.5","425.929","-540.139","P-15","Mid Rim","Doldur","planet","legends","","https://starwars.fandom.com/wiki/Monor"
"Doldur","1421.8","1340.4","430.535","-524.574","P-15","Mid Rim","Doldur","planet","legends","","https://starwars.fandom.com/wiki/Doldur"
"Druckenwell","1427.9","1348.9","437.206","-533.945","P-15","Mid Rim","Doldur","planet","legends","Corellian Run | Reena Trade Route","https://starwars.fandom.com/wiki/Druckenwell"
"Linuri","1475.4","1359.9","489.462","-546.016","P-15","Mid Rim","Doldur","planet","legends","","https://starwars.fandom.com/wiki/Linuri"
"Falleen","1464","1367.5","476.914","-554.434","P-15","Mid Rim","Doldur","planet","canon","","https://starwars.fandom.com/wiki/Falleen_(planet)"
"Paqwepor Major","1439.9","1368.1","450.389","-555.069","P-15","Mid Rim","Paqwepori","planet","legends","","https://starwars.fandom.com/wiki/Paqwepor_Major"
"Bogo Rai","419.4","769.1","-671.026","103.171","E-8","Unknown Regions","Sin sector registrado","planet","legends","","https://starwars.fandom.com/wiki/Bogo_Rai"
"Celwis","553.4","765.4","-523.694","107.253","F-8","Unknown Regions","Sin sector registrado","planet","legends","","https://starwars.fandom.com/wiki/Celwis"
"Klasse Ephemora","519.9","806.3","-560.524","62.274","F-9","Unknown Regions","Sin sector registrado","planet","legends","","https://starwars.fandom.com/wiki/Klasse_Ephemora"
"Yashuvhu","547.1","802.9","-530.679","66.084","F-9","Unknown Regions","Sin sector registrado","planet","legends","","https://starwars.fandom.com/wiki/Yashuvhu"
"Zonama Sekot","566.2","1182","-509.697","-350.583","F-13","Unknown Regions","Sin sector registrado","planet","legends","","https://starwars.fandom.com/wiki/Zonama_Sekot"
"Ilum","654.2","639.5","-413.014","245.642","G-7","Unknown Regions","Sin sector registrado","planet","canon","","https://starwars.fandom.com/wiki/Ilum"
"Pesfavri","644.7","691.2","-423.394","188.747","G-8","Unknown Regions","Sin sector registrado","planet","legends","Way Of Schesa","https://starwars.fandom.com/wiki/Pesfavri"
"Rakata Prime","611.3","1032","-460.075","-185.671","G-11","Unknown Regions","Sin sector registrado","planet","canon","","https://starwars.fandom.com/wiki/Rakata_Prime"
"The Redoubt","736.7","671.5","-322.354","210.386","H-7","Unknown Regions","Sin sector registrado","planet","legends","Way Of Schesa","https://starwars.fandom.com/wiki/The_Redoubt"
"Avidich","474.8","753.5","-610.083","120.375","E-8","Unknown Regions","Chiss Ascendancy","planet","legends","","https://starwars.fandom.com/wiki/Avidich"
"Ool","465.6","757.6","-620.173","115.789","E-8","Unknown Regions","Chiss Ascendancy","planet","legends","","https://starwars.fandom.com/wiki/Ool"
"Shihon","467.4","762.1","-618.197","110.92","E-8","Unknown Regions","Chiss Ascendancy","planet","legends","","https://starwars.fandom.com/wiki/Shihon"
"Oyokal","456.9","765.8","-629.75","106.769","E-8","Unknown Regions","Chiss Ascendancy","planet","legends","","https://starwars.fandom.com/wiki/Oyokal"
"Kinoss","437.8","751.6","-650.811","122.433","E-8","Unknown Regions","Chiss Ascendancy","planet","legends","","https://starwars.fandom.com/wiki/Kinoss"
"Thearterra","465.4","739.5","-620.437","135.662","E-8","Unknown Regions","Chiss Ascendancy","planet","legends","","https://starwars.fandom.com/wiki/Thearterra"
"Rhigar","481","786","-603.281","84.604","E-9","Unknown Regions","Chiss Ascendancy","planet","legends","Path Of The Houses","https://starwars.fandom.com/wiki/Rhigar"
"Csilla","490.4","751.9","-592.921","122.131","F-8","Unknown Regions","Chiss Ascendancy","planet","canon","Path Of The Houses","https://starwars.fandom.com/wiki/Csilla"
"Jamiron","495.4","741.4","-587.435","133.639","F-8","Unknown Regions","Chiss Ascendancy","planet","legends","","https://starwars.fandom.com/wiki/Jamiron"
"Rentor","498.2","747.7","-584.401","126.654","F-8","Unknown Regions","Chiss Ascendancy","planet","legends","","https://starwars.fandom.com/wiki/Rentor"
"Cioral","493.1","757.8","-589.975","115.648","F-8","Unknown Regions","Chiss Ascendancy","planet","legends","Path Of The Houses","https://starwars.fandom.com/wiki/Cioral"
"Cormit","522.5","761.2","-557.731","111.838","F-8","Unknown Regions","Chiss Ascendancy","planet","legends","","https://starwars.fandom.com/wiki/Cormit"
"Colonial Station Cam'co","492","704.3","-591.262","174.369","F-8","Unknown Regions","Chiss Ascendancy","station","legends","","https://starwars.fandom.com/wiki/Colonial_Station_Cam%27co"
"Sposia","491.4","733.7","-591.897","142.09","F-8","Unknown Regions","Chiss Ascendancy","planet","legends","Path Of The Houses","https://starwars.fandom.com/wiki/Sposia"
"Ornfra","523.3","724.1","-556.761","152.673","F-8","Unknown Regions","Chiss Ascendancy","planet","legends","Path Of The Houses | Way Of Schesa","https://starwars.fandom.com/wiki/Ornfra"
"Schesa","520.6","711.4","-559.83","166.643","F-8","Unknown Regions","Chiss Ascendancy","planet","legends","Way Of Schesa","https://starwars.fandom.com/wiki/Schesa"
"Noris","520.5","715.2","-559.936","162.41","F-8","Unknown Regions","Chiss Ascendancy","planet","legends","Path Of The Houses | Way Of Schesa","https://starwars.fandom.com/wiki/Noris"
"Sharb","529.4","718.5","-550.093","158.811","F-8","Unknown Regions","Chiss Ascendancy","planet","legends","Path Of The Houses","https://starwars.fandom.com/wiki/Sharb"
"Csaus","500.9","781.9","-581.479","89.155","F-9","Unknown Regions","Chiss Ascendancy","planet","legends","Path Of The Houses","https://starwars.fandom.com/wiki/Csaus"
"Copero","509.8","778.6","-571.637","92.754","F-9","Unknown Regions","Chiss Ascendancy","planet","legends","Path Of The Houses","https://starwars.fandom.com/wiki/Copero"
"Sarvchi","514.7","773.8","-566.239","98.045","F-9","Unknown Regions","Chiss Ascendancy","planet","legends","Path Of The Houses","https://starwars.fandom.com/wiki/Sarvchi"
"Colonial Station Chaf","502.1","802","-580.104","67.036","F-9","Unknown Regions","Chiss Ascendancy","station","legends","","https://starwars.fandom.com/wiki/Colonial_Station_Chaf"
"Bakura","631.3","1473.5","-438.157","-670.906","G-16","Outer Rim","Bakura","planet","legends","Shiritoku Way","https://starwars.fandom.com/wiki/Bakura"
"Red Nebula","656.8","1895.8","-410.118","-1134.896","G-21","Wild Space","Sin sector registrado","misc","legends","","https://starwars.fandom.com/wiki/Red_Nebula"
"Mephout","694.6","1828.7","-368.566","-1061.236","H-20","Wild Space","Sin sector registrado","planet","legends","","https://starwars.fandom.com/wiki/Mephout"
"Seoul","674","1842.5","-391.231","-1076.346","H-20","Wild Space","Sin sector registrado","planet","canon","","https://starwars.fandom.com/wiki/Seoul_5"
"Nirauan","830.1","495.4","-219.708","403.902","I-5","Wild Space","Sin sector registrado","planet","legends","","https://starwars.fandom.com/wiki/Nirauan"
"Esfandia","775.1","543.2","-280.135","351.381","I-6","Wild Space","Sin sector registrado","planet","legends","","https://starwars.fandom.com/wiki/Esfandia"
"Needan","820","1847.5","-230.762","-1081.871","I-20","Wild Space","Sin sector registrado","planet","legends","","https://starwars.fandom.com/wiki/Needan"
"Xerton","899.2","258","-143.763","664.844","J-3","Wild Space","Sin sector registrado","planet","legends","","https://starwars.fandom.com/wiki/Xerton"
"Qonto","919.8","258.6","-121.053","664.182","J-3","Wild Space","Sin sector registrado","planet","legends","","https://starwars.fandom.com/wiki/Qonto"
"Huk","861.1","353","-185.611","560.403","J-4","Wild Space","Sin sector registrado","planet","legends","","https://starwars.fandom.com/wiki/Huk"
"Kalee","882.4","348.1","-162.247","565.841","J-4","Wild Space","Sin sector registrado","planet","canon","","https://starwars.fandom.com/wiki/Kalee"
"Guiteica","869.5","331.4","-176.395","584.146","J-4","Wild Space","Sin sector registrado","planet","legends","","https://starwars.fandom.com/wiki/Guiteica"
"Tovarskl","879.4","360.3","-165.541","552.363","J-4","Wild Space","Sin sector registrado","planet","legends","","https://starwars.fandom.com/wiki/Tovarskl"
"Parshoone","866.1","379.9","-180.075","530.914","J-4","Wild Space","Sin sector registrado","planet","legends","","https://starwars.fandom.com/wiki/Parshoone"
"Alashan","898.8","478.9","-144.146","422.049","J-5","Wild Space","Sin sector registrado","planet","legends","","https://starwars.fandom.com/wiki/Alashan"
"Marquarra","892.2","435","-151.436","470.275","J-5","Wild Space","Sin sector registrado","planet","legends","","https://starwars.fandom.com/wiki/Marquarra"
"Adumar","853.4","542.2","-194.013","352.511","J-6","Wild Space","Sin sector registrado","planet","legends","","https://starwars.fandom.com/wiki/Adumar"
"Aeten","876.1","510.9","-169.164","386.96","J-6","Wild Space","Sin sector registrado","planet","legends","","https://starwars.fandom.com/wiki/Aeten"
"Anoth","871.9","1862","-173.689","-1097.811","J-20","Wild Space","Sin sector registrado","planet","legends","","https://starwars.fandom.com/wiki/Anoth"
"Zonju","911.8","1912.3","-129.928","-1153.055","J-21","Wild Space","Sin sector registrado","planet","legends","","https://starwars.fandom.com/wiki/Zonju"
"Kinooine","854.7","1904.4","-192.622","-1144.365","J-21","Wild Space","Sin sector registrado","planet","legends","","https://starwars.fandom.com/wiki/Kinooine"
"Zeta","961.4","190.4","-75.418","739.073","K-2","Wild Space","Sin sector registrado","planet","legends","","https://starwars.fandom.com/wiki/Zeta"
"Shiva","1055.6","1883.8","28.098","-1121.778","L-21","Wild Space","Sin sector registrado","planet","legends","","https://starwars.fandom.com/wiki/Shiva"
"Kesh","1913.6","893.3","970.992","-33.29","U-10","Wild Space","Sin sector registrado","planet","legends","","https://starwars.fandom.com/wiki/Kesh"
"Gorsh","1326","253.8","325.24","669.48","O-3","Wild Space","Sin sector registrado","planet","legends","","https://starwars.fandom.com/wiki/Gorsh"
"Farana","1715.2","293.3","752.926","626.085","S-3","Wild Space","Farana","planet","legends","","https://starwars.fandom.com/wiki/Farana"
"Hull's Star","1710.8","286.7","748.093","633.324","S-3","Wild Space","Farana","planet","legends","","https://starwars.fandom.com/wiki/Hull's_Star"
"Trian","1652.2","290","683.773","629.708","R-3","Wild Space","Trianii","planet","legends","","https://starwars.fandom.com/wiki/Trian"
"Pypin","1659.2","288.7","691.441","631.118","R-3","Wild Space","Trianii","planet","legends","","https://starwars.fandom.com/wiki/Pypin"
"Ekibo","1653","291.1","684.597","628.424","R-3","Wild Space","Trianii","planet","legends","","https://starwars.fandom.com/wiki/Ekibo"
"Brochiib","1676.5","285.1","710.452","635.058","S-3","Wild Space","Trianii","planet","legends","","https://starwars.fandom.com/wiki/Brochiib"
"Silken","1352","1780.5","353.882","-1008.234","O-20","Wild Space","Sin sector registrado","planet","legends","","https://starwars.fandom.com/wiki/Silken"
"Gulma","1400.2","247.6","406.845","676.257","P-3","Wild Space","Sin sector registrado","planet","legends","","https://starwars.fandom.com/wiki/Gulma"
"Morellia","1726.1","270.7","764.98","650.933","S-3","Wild Space","Sin sector registrado","planet","canon","","https://starwars.fandom.com/wiki/Morellia"
"Mytus","1697.4","254.5","733.426","668.722","S-3","Wild Space","Sin sector registrado","planet","legends","Shaltin Tunnels","https://starwars.fandom.com/wiki/Mytus"
"Velabri","1679.6","1634.8","713.876","-848.147","S-18","Wild Space","Sin sector registrado","planet","legends","","https://starwars.fandom.com/wiki/Velabri"
"Lamaredd","1713.5","1626.3","751.119","-838.836","S-18","Wild Space","Sin sector registrado","planet","legends","","https://starwars.fandom.com/wiki/Lamaredd"
"Naos","1731","1599.6","770.341","-809.404","S-18","Wild Space","Sin sector registrado","planet","legends","","https://starwars.fandom.com/wiki/Naos"
"Parthovian Cluster","1785.7","328.5","830.419","587.4","T-4","Wild Space","Sin sector registrado","misc","legends","","https://starwars.fandom.com/wiki/Parthovian_Cluster"
"Cholganna","1758.6","437.5","800.678","467.583","T-5","Outer Rim","Colundra","planet","canon","","https://starwars.fandom.com/wiki/Cholganna"
"Drongar","1818.3","466.5","866.209","435.768","T-5","Wild Space","Sin sector registrado","planet","legends","","https://starwars.fandom.com/wiki/Drongar"
"Hast","1873.6","516.7","927.011","380.504","U-6","Wild Space","Sin sector registrado","planet","legends","","https://starwars.fandom.com/wiki/Hast"
"Zigoola","1884.3","532.9","938.776","362.706","U-6","Wild Space","Sin sector registrado","planet","legends","","https://starwars.fandom.com/wiki/Zigoola"
"Targon","1906","670.1","962.691","212.014","U-7","Wild Space","Sin sector registrado","planet","legends","","https://starwars.fandom.com/wiki/Targon"
"Pluthan","1911.4","716.2","968.585","161.284","U-8","Wild Space","Sin sector registrado","planet","legends","","https://starwars.fandom.com/wiki/Pluthan"
"Smarteel","1894.7","1298.7","950.166","-478.752","U-14","Wild Space","Sin sector registrado","planet","legends","","https://starwars.fandom.com/wiki/Smarteel"
"Malagarr","1944.6","715.3","1005.095","162.295","V-8","Wild Space","Sin sector registrado","planet","legends","","https://starwars.fandom.com/wiki/Malagarr"
"Takodana","854.3","1438.6","-193.124","-632.573","J-16","Mid Rim","Tashtor","planet","canon","Great Gran Run","https://starwars.fandom.com/wiki/Takodana"
"Jakku","779.3","1151.2","-275.511","-316.755","I-13","Inner Rim","Sin sector registrado","planet","canon","","https://starwars.fandom.com/wiki/Jakku"
"D'Qar","1337.4","1577.4","337.759","-785.103","O-17","Outer Rim","Sanbra","planet","canon","","https://starwars.fandom.com/wiki/D%27Qar"
"Hosnian Prime","1166.3","1115.4","149.768","-277.35","M-12","Core Worlds","Sin sector registrado","planet","canon","Corellian Trade Spine","https://starwars.fandom.com/wiki/Hosnian_Prime"
"Kamino","1676.5","1346","710.488","-530.778","S-15","Outer Rim","Abrion","planet","canon","","https://starwars.fandom.com/wiki/Kamino"
"Lola Sayu","1610.3","536.5","637.665","358.748","R-6","Outer Rim","Belderone","planet","canon","","https://starwars.fandom.com/wiki/Lola_Sayu"
"Malachor","1685.3","385.7","720.114","524.503","S-4","Outer Rim","Chorlian","planet","canon","","https://starwars.fandom.com/wiki/Malachor"
"Azzameen Station","1225.9","1577.3","215.322","-784.895","N-17","Outer Rim","Garis","station","legends","","https://starwars.fandom.com/wiki/Azzameen_Station_system"
"Makeb","1540.7","1155.3","561.21","-321.197","Q-13","Mid Rim","Aida","planet","legends","","https://starwars.fandom.com/wiki/Makeb"
"Florrum","1630.9","462.7","660.291","439.837","R-5","Outer Rim","Sertar","planet","canon","","https://starwars.fandom.com/wiki/Florrum"
"Jedha","724.4","869.2","-335.869","-6.848","H-10","Mid Rim","Freestanding Subsectors","planet","canon","","https://starwars.fandom.com/wiki/Jedha"
"Scarif","1703.4","1358","740.025","-544.01","S-15","Outer Rim","Abrion","planet","canon","","https://starwars.fandom.com/wiki/Scarif"
"Lothal","1880.6","602.3","934.763","286.534","U-7","Outer Rim","Dominus","planet","canon","","https://starwars.fandom.com/wiki/Lothal"
"Mortis","979.1","195.6","-55.975","733.387","K-2","Wild Space","Sin sector registrado","planet","canon","","https://starwars.fandom.com/wiki/Mortis"
"Jelucan","1499.5","354.7","515.985","558.55","Q-4","Outer Rim","Kwymar","planet","canon","","https://starwars.fandom.com/wiki/Jelucan"
"Abafar","1289.4","462.9","285.056","439.617","N-5","Outer Rim","Sprizen","planet","canon","","https://starwars.fandom.com/wiki/Abafar"
"Balnab","1037.6","655.3","8.384","228.279","L-7","Mid Rim","Bright Jewel","planet","canon","","https://starwars.fandom.com/wiki/Balnab"
"Bardotta","921.8","1177.5","-118.899","-345.621","J-13","Colonies","Sin sector registrado","planet","canon","","https://starwars.fandom.com/wiki/Bardotta"
"Andelm IV","1330.8","1749.1","330.541","-973.767","O-19","Outer Rim","Svivreni","planet","canon","","https://starwars.fandom.com/wiki/Andelm_IV"
"Gorse","1356.1","936","358.316","-80.167","O-10","Inner Rim","Sin sector registrado","planet","canon","","https://starwars.fandom.com/wiki/Gorse"
"Kiros","1096.8","699.9","73.389","179.243","L-8","Expansion Region","Ehosiq","planet","canon","","https://starwars.fandom.com/wiki/Kiros"
"Zakuul","352.6","1177.6","-744.352","-345.692","D-13","Unknown Regions","Sin sector registrado","planet","legends","","https://starwars.fandom.com/wiki/Zakuul"
"Garel","1860.2","640.5","912.27","244.527","U-7","Outer Rim","Dominus","planet","canon","","https://starwars.fandom.com/wiki/Garel"
"The Maw","1785.1","871.7","829.763","-9.561","T-10","Outer Rim","Kessel","misc","canon","","https://starwars.fandom.com/wiki/The_Maw"
"Indobok","1403.2","1368.9","410.109","-555.98","P-15","Mid Rim","Hevvrol","planet","legends","","https://starwars.fandom.com/wiki/Indobok"
"Orax","1043.7","1835.7","15.022","-1068.917","L-20","Outer Rim","Subterrel","planet","legends","","https://starwars.fandom.com/wiki/Orax"
"Eadu","1852","896.8","903.274","-37.139","U-10","Outer Rim","Kessel","planet","canon","Triellus Trade Route","https://starwars.fandom.com/wiki/Eadu"
"Ring of Kafrene","902.5","1332.1","-140.118","-515.468","J-15","Expansion Region","Thand","planet","canon","","https://starwars.fandom.com/wiki/Ring_of_Kafrene"
"Wobani","1639","689.3","669.273","190.865","R-8","Mid Rim","Bryx","planet","canon","","https://starwars.fandom.com/wiki/Wobani"
"Lasan","1433.7","1799","443.613","-1028.573","P-20","Wild Space","Sin sector registrado","planet","canon","","https://starwars.fandom.com/wiki/Lasan"
"Lah'mu","1047.6","320.3","19.345","596.411","L-4","Outer Rim","Raioballo","planet","canon","","https://starwars.fandom.com/wiki/Lah%27mu"
"Trandosha","1461.1","851.1","473.695","13.126","P-9","Mid Rim","Mytaranor","planet","canon","","https://starwars.fandom.com/wiki/Trandosha"
"Voss","1709.7","533","746.931","362.631","S-6","Outer Rim","Allied Tion","planet","canon","","https://starwars.fandom.com/wiki/Voss"
"Poln System","925.9","456.8","-114.362","446.382","J-5","Outer Rim","Prefsbelt","planet","legends","","https://starwars.fandom.com/wiki/Poln_system"
"Atollon","1874.7","607.6","928.219","280.625","U-7","Outer Rim","Dominus","planet","canon","","https://starwars.fandom.com/wiki/Atollon"
"Oovo","1736.5","703.7","776.331","175.003","S-8","Outer Rim","Tharin","planet","canon","","https://starwars.fandom.com/wiki/Oovo"
"Quesh","1741.2","913.6","781.565","-55.599","S-10","Hutt Space","Hutt Space","planet","legends","","https://starwars.fandom.com/wiki/Quesh"
"Peragus II","1558.9","323.1","581.16","593.31","Q-4","Outer Rim","Xappyh","planet","legends","","https://starwars.fandom.com/wiki/Peragus_II"
"Dosuun","695","1791.1","-368.167","-1019.857","H-20","Wild Space","Sin sector registrado","planet","legends","","https://starwars.fandom.com/wiki/Dosuun"
"Yalara","781.5","1932.2","-273.049","-1174.904","I-21","Wild Space","Sin sector registrado","planet","legends","","https://starwars.fandom.com/wiki/Yalara"
"Raydonia","1375.1","556.9","379.202","336.366","O-6","Outer Rim","Belsmuth","planet","canon","","https://starwars.fandom.com/wiki/Raydonia"
"Aaeton","980.9","849.9","-54.005","14.372","K-9","Core Worlds","Sin sector registrado","planet","legends","","https://starwars.fandom.com/wiki/Aaeton"
"Crakull","594.6","923.1","-478.442","-66.017","G-10","Unknown Regions","Sin sector registrado","planet","legends","","https://starwars.fandom.com/wiki/Crakull"
"Darada","1006.3","840.2","-26.038","25.026","K-9","Core Worlds","Sin sector registrado","planet","legends","","https://starwars.fandom.com/wiki/Darada"
"Eliad","1199.9","1840.2","186.687","-1073.861","M-20","Outer Rim","Minos","planet","legends","","https://starwars.fandom.com/wiki/Eliad"
"Eshan","1246.3","703","237.663","175.856","N-8","Inner Rim","Sin sector registrado","planet","legends","","https://starwars.fandom.com/wiki/Eshan"
"Genian","1469.5","920.4","483.021","-63.063","P-10","Mid Rim","Trax","planet","legends","","https://starwars.fandom.com/wiki/Genian"
"Kalevala","1349.5","603.8","351.082","284.794","O-7","Outer Rim","Mandalore","planet","canon","","https://starwars.fandom.com/wiki/Kalevala"
"Karra","887.1","1698.1","-157.043","-917.722","J-19","Outer Rim","Rayter","planet","legends","","https://starwars.fandom.com/wiki/Karra"
"Kodai","1599.9","527.8","626.302","368.385","R-6","Outer Rim","Belderone","planet","legends","","https://starwars.fandom.com/wiki/Kodai"
"Lenico IV","1087.2","510.9","62.809","386.906","L-6","Outer Rim","Cademimu","planet","legends","","https://starwars.fandom.com/wiki/Lenico_system"
"Nim Drovis","1596.6","594.9","622.668","294.619","R-7","Outer Rim","Meridian","planet","legends","","https://starwars.fandom.com/wiki/Nim_Drovis"
"Odacer-Faustin","1544","423.4","564.865","483.091","Q-5","Outer Rim","Esstran","planet","legends","","https://starwars.fandom.com/wiki/Odacer-Faustin"
"Ord Ibanna","1154.4","1574","136.716","-781.355","M-17","Outer Rim","Brema","planet","legends","","https://starwars.fandom.com/wiki/Ord_Ibanna"
"Ord Sigatt","1223.2","575.9","212.334","315.442","N-6","Outer Rim","Noonian","planet","legends","","https://starwars.fandom.com/wiki/Ord_Sigatt"
"Ordo","1354.7","619.4","356.867","267.676","O-7","Outer Rim","Mandalore","planet","legends","","https://starwars.fandom.com/wiki/Ordo"
"Osadia","975.3","878.4","-60.099","-16.946","K-10","Core Worlds","Sin sector registrado","planet","legends","","https://starwars.fandom.com/wiki/Osadia"
"Panatha","676.5","1432.7","-388.465","-626.018","H-16","Outer Rim","Pacanth Reach","planet","legends","","https://starwars.fandom.com/wiki/Panatha"
"Quelii","1319.1","524.4","317.67","372.077","O-6","Outer Rim","Quelii","planet","legends","","https://starwars.fandom.com/wiki/Quelii"
"Rekkiad","1700.9","370.7","737.229","540.97","S-4","Outer Rim","Chorlian","planet","legends","","https://starwars.fandom.com/wiki/Rekkiad"
"Sorjus","1585","594.7","609.912","294.792","R-7","Outer Rim","Meridian","planet","legends","","https://starwars.fandom.com/wiki/Sorjus"
"Taral V","1859.9","598.5","911.978","290.647","U-7","Outer Rim","Calamari","planet","legends","","https://starwars.fandom.com/wiki/Taral_V"
"Vanquo","1324.1","579.9","323.235","311.108","O-6","Outer Rim","Meerian","planet","legends","","https://starwars.fandom.com/wiki/Vanquo"
"Ringo Vinda","1584.2","667.1","609.018","215.224","R-7","Mid Rim","Eucer","planet","canon","","https://starwars.fandom.com/wiki/Ringo_Vinda"
"Bpfassh","1155.9","1705.7","138.399","-925.996","M-19","Outer Rim","Sluis","planet","legends","","https://starwars.fandom.com/wiki/Bpfassh"
"Sarrish","1014.5","1421.6","-17.079","-613.832","K-16","Expansion Region","Vensensor","planet","canon","","https://starwars.fandom.com/wiki/Sarrish"
"Uphrades","1185.9","703.6","171.34","175.131","M-8","Inner Rim","Sin sector registrado","planet","legends","","https://starwars.fandom.com/wiki/Uphrades"
"Denova","1288.3","620.5","283.797","266.483","N-7","Outer Rim","Ojoster","planet","legends","","https://starwars.fandom.com/wiki/Denova"
"Kaon","1734","505","773.665","393.386","S-6","Outer Rim","Tion Hegemony","planet","legends","","https://starwars.fandom.com/wiki/Kaon"
"Oricon","1436.2","285.4","446.339","634.704","P-3","Outer Rim","Corva","planet","legends","","https://starwars.fandom.com/wiki/Oricon"
"Nathema","1698.6","395.5","734.736","513.701","S-4","Outer Rim","Chorlian","planet","legends","","https://starwars.fandom.com/wiki/Nathema"
"Utrost","1042.9","859.2","14.195","4.175","L-9","Core Worlds","Sin sector registrado","planet","legends","","https://starwars.fandom.com/wiki/Utrost"
"Phaegon_III","1225.4","1535","214.776","-738.459","N-17","Outer Rim","Grumani","planet","legends","","https://starwars.fandom.com/wiki/Phaegon_III"
"Jagomir","1557.6","440","579.813","464.877","Q-5","Outer Rim","Esstran","planet","legends","","https://starwars.fandom.com/wiki/Jagomir"
"Fwillsving","1802.6","864.4","848.966","-1.514","T-10","Outer Rim","Calaron","planet","legends","","https://starwars.fandom.com/wiki/Fwillsving"
"Kirtania","1433.1","390.2","442.97","519.558","P-4","Outer Rim","Nembus","planet","legends","","https://starwars.fandom.com/wiki/Kirtania"
"Transel","1083.5","1215.4","58.777","-387.26","L-13","Colonies","Sin sector registrado","planet","legends","","https://starwars.fandom.com/wiki/Transel"
"Malrev IV","1424.7","560.5","433.752","332.386","P-6","Outer Rim","Thrasybule","planet","legends","","https://starwars.fandom.com/wiki/Malrev_IV"
"Carlac","946.7","486.3","-91.509","413.975","K-5","Outer Rim","Prefsbelt","planet","legends","","https://starwars.fandom.com/wiki/Carlac"
"Kadavo","1748.3","356.2","789.335","556.938","S-4","Wild Space","Sin sector registrado","planet","canon","","https://starwars.fandom.com/wiki/Kadavo"
"Orondia","1687.5","1027.5","722.483","-180.722","S-11","Hutt Space","Hutt Space","planet","canon","","https://starwars.fandom.com/wiki/Orondia"
"Patitite Pattuna","1051.7","658.6","23.876","224.665","L-7","Mid Rim","Bright Jewel","planet","canon","","https://starwars.fandom.com/wiki/Patitite_Pattuna"
"Quarzite","1202.6","1200.5","189.691","-370.86","M-13","Inner Rim","Sin sector registrado","planet","canon","","https://starwars.fandom.com/wiki/Quarzite"
"Stobar","1157.7","1345.4","140.302","-530.096","M-15","Expansion Region","Boeus","planet","canon","","https://starwars.fandom.com/wiki/Stobar"
"Zanbar","1369.8","601.2","373.4","287.645","O-7","Outer Rim","Mandalore","planet","canon","","https://starwars.fandom.com/wiki/Zanbar"
"Zardossa Stix","897.2","1149.3","-145.978","-314.636","J-13","Colonies","Sin sector registrado","planet","canon","","https://starwars.fandom.com/wiki/Zardossa_Stix"
"Cybloc","1615.4","594","643.249","295.6","R-7","Outer Rim","Meridian","planet","legends","","https://starwars.fandom.com/wiki/Cybloc"
"Taul","929","1662.5","-110.947","-878.579","J-18","Outer Rim","Kriz","planet","canon","","https://starwars.fandom.com/wiki/Taul"
"Ahch-To","437","1200.8","-651.605","-371.236","E-13","Unknown Regions","Sin sector registrado","planet","canon","","https://starwars.fandom.com/wiki/Ahch-To"
"Cantonica","1701","330","737.407","585.696","S-4","Outer Rim","Corporate Sector","planet","canon","Shaltin Tunnels","https://starwars.fandom.com/wiki/Cantonica"
"Crait","1255.7","1540.5","248.05","-744.476","N-17","Outer Rim","Grumani","planet","canon","","https://starwars.fandom.com/wiki/Crait"
"Trantor","1163","921.6","146.12","-64.355","M-10","Core Worlds","Sin sector registrado","planet","legends","Hydian Way","https://starwars.fandom.com/wiki/Trantor"
"Salient","1714.9","304.2","752.63","614.099","S-3","Outer Rim","Corporate Sector","planet","canon","","https://starwars.fandom.com/wiki/Salient_system"
"Ganthel","1099.1","837.9","75.948","27.57","L-9","Core Worlds","Sin sector registrado","planet","canon","","https://starwars.fandom.com/wiki/Ganthel"
"Quell","1563.8","568.8","586.648","323.269","Q-6","Outer Rim","Nuiri","planet","canon","","https://starwars.fandom.com/wiki/Quell_system"
"Seelos","1493.3","366.4","509.133","545.761","Q-4","Outer Rim","Kwymar","planet","canon","","https://starwars.fandom.com/wiki/Seelos"
"Stygeon Prime","1550.8","599.3","572.269","289.747","Q-7","Outer Rim","Nuiri","planet","canon","","https://starwars.fandom.com/wiki/Stygeon_Prime"
"Lotho Minor","838","1584.6","-210.993","-792.941","I-17","Outer Rim","Wazta","planet","canon","","https://starwars.fandom.com/wiki/Lotho_Minor"
"Savareen","1568.6","1489.3","591.877","-688.263","Q-16","Outer Rim","Savareen","planet","canon","Corellian Run","https://starwars.fandom.com/wiki/Savareen"
"Vandor","1418.7","1266.8","427.165","-443.769","P-14","Mid Rim","Sloo","planet","canon","","https://starwars.fandom.com/wiki/Vandor-1"
"Crustai","677.8","748.4","-387.053","125.905","H-8","Unknown Regions","Sin sector registrado","planet","legends","","https://starwars.fandom.com/wiki/Crustai"
"Telaris","1802.8","540.1","849.259","354.859","T-6","Outer Rim","Pakuuni","planet","canon","","https://starwars.fandom.com/wiki/Telaris_system"
"Teya IV","1156.2","665.7","138.666","216.79","M-7","Expansion Region","Lostar","planet","legends","","https://starwars.fandom.com/wiki/Teya_IV"
"Orto Plutonia","1422.7","1744.5","431.578","-968.659","P-19","Outer Rim","Sujimis","planet","canon","","https://starwars.fandom.com/wiki/Orto_Plutonia"
"Apatros","1542.4","1486.4","563.024","-685.06","Q-16","Outer Rim","Savareen","planet","legends","","https://starwars.fandom.com/wiki/Apatros_system"
"Chad","1640.6","622.8","671.009","263.914","R-7","Outer Rim","Jospro","planet","canon","","https://starwars.fandom.com/wiki/Chad"
"Drurish","1198.6","916.5","185.277","-58.825","M-10","Core Worlds","Kuat","planet","legends","","https://starwars.fandom.com/wiki/Drurish_system"
"Vodran","1733.6","798.2","773.218","71.262","S-9","Hutt Space","Hutt Space","planet","canon","","https://starwars.fandom.com/wiki/Vodran"
"Orto","1163.2","1691.5","146.339","-910.468","M-19","Outer Rim","Sluis","planet","canon","","https://starwars.fandom.com/wiki/Orto"
"Plympto","1161.7","1033.9","144.717","-187.766","M-11","Core Worlds","Corellian","planet","canon","","https://starwars.fandom.com/wiki/Plympto"
"Laboi II","1694.8","742.2","730.602","132.707","S-8","Outer Rim","Suolriep","planet","legends","","https://starwars.fandom.com/wiki/Laboi_II"
"Widek","959.4","867.5","-77.56","-4.912","K-10","Core Worlds","Farlax","planet","legends","","https://starwars.fandom.com/wiki/Widek"
"Bedlam","1354.5","658.5","356.622","224.747","O-7","Mid Rim","Thursa","planet","legends","","https://starwars.fandom.com/wiki/Bedlam"
"Dweem","1821.3","853.7","869.579","10.169","T-9","Outer Rim","Calaron","planet","legends","","https://starwars.fandom.com/wiki/Dweem"
"Doan","1136.3","541.5","116.856","353.335","M-6","Outer Rim","Halthor","planet","legends","","https://starwars.fandom.com/wiki/Doan"
"Krownest","1328.7","622.3","328.188","264.487","O-7","Outer Rim","Mandalore","planet","canon","","https://starwars.fandom.com/wiki/Krownest"
"Katraasii","1357.8","570.6","360.22","321.285","O-6","Outer Rim","Belsmuth","planet","legends","","https://starwars.fandom.com/wiki/Katraasii"
"Altyr V","1345.5","419.8","346.673","487.02","O-5","Outer Rim","Morshdine","planet","legends","","https://starwars.fandom.com/wiki/Altyr_V"
"Chrellis","1194.9","475.4","181.22","425.989","M-5","Outer Rim","Lahara","planet","legends","","https://starwars.fandom.com/wiki/Chrellis"
"Keeper's World","1320.3","423.2","318.98","483.316","O-5","Outer Rim","Sprizen","planet","legends","","https://starwars.fandom.com/wiki/Keeper%27s_World"
"Tholoth","1233.6","1076.6","223.73","-234.721","N-12","Colonies","Sin sector registrado","planet","canon","","https://starwars.fandom.com/wiki/Tholoth"
"Oba Diah","1835.2","876.1","884.828","-14.437","T-10","Outer Rim","Kessel","planet","canon","","https://starwars.fandom.com/wiki/Oba_Diah"
"Yanibar","1614.9","1697.5","642.725","-917.056","R-19","Wild Space","Sin sector registrado","planet","legends","","https://starwars.fandom.com/wiki/Yanibar"
"Uvena Prime","1188.5","1600.8","174.147","-810.728","M-18","Outer Rim","Seswenna","planet","legends","","https://starwars.fandom.com/wiki/Uvena_Prime"
"Kaikielius","1031.3","872.1","1.471","-10.018","L-10","Core Worlds","Sin sector registrado","planet","legends","","https://starwars.fandom.com/wiki/Kaikielius"
"Argul","1045.3","1568.6","16.852","-775.336","L-17","Mid Rim","D'Aelgoth","planet","legends","","https://starwars.fandom.com/wiki/Argul"
"Diab","857.8","513.2","-189.276","384.362","J-6","Wild Space","Sin sector registrado","planet","legends","","https://starwars.fandom.com/wiki/Diab"
"Exegol","485.9","647.1","-597.906","237.279","F-7","Unknown Regions","Sin sector registrado","planet","canon","","https://starwars.fandom.com/wiki/Exegol"
"Batuu","677.1","1368.6","-387.826","-555.59","H-15","Outer Rim","Trilon","planet","canon","","https://starwars.fandom.com/wiki/Batuu"
"Pasaana","1394.3","1134.8","400.369","-298.679","P-12","Expansion Region","Ombakond","planet","canon","","https://starwars.fandom.com/wiki/Pasaana"
"Sinta","1536","1030.2","556.005","-183.709","Q-11","Mid Rim","Hune","planet","canon","","https://starwars.fandom.com/wiki/Sinta"
"Kijimi","1620.8","708.4","649.226","169.863","R-8","Mid Rim","Bryx","planet","canon","","https://starwars.fandom.com/wiki/Kijimi"
"Ajan Kloss","1081","497.5","56.074","401.682","L-5","Outer Rim","Cademimu","planet","canon","","https://starwars.fandom.com/wiki/Ajan_Kloss"
